lower_screen,upper_screen,social_threshold,valid_rows,positive_count,positive_coverage,positive_purity,negative_count,negative_coverage,negative_purity,ambiguous_count,ambiguous_coverage,ambiguous_target_rate,contradictory_false_positives,contradictory_false_negatives,contradictory_count,assigned_coverage,contradiction_rate,rule_score
5.0,7.0,3.0,502260,305627,0.6085035638912117,0.9341975676232793,101331,0.20175008959503046,0.7137795936090634,95302,0.18974634651375782,0.43760886445195274,20111,29003,49114,0.8102536534862422,0.1206856727229837,0.7124676462389998
5.0,7.0,3.25,502260,300116,0.5975311591605941,0.9366078449666129,101764,0.20261219288814558,0.7118627412444479,100380,0.1998566479512603,0.45637577206614865,19025,29322,48347,0.8001433520487397,0.12030208022295212,0.7038844423207102
5.0,7.0,3.5,502260,296551,0.5904332417473022,0.9375689173194492,101958,0.20299844701947198,0.7109692226210793,103751,0.20656831123322583,0.46956655839461786,18514,29469,47983,0.7934316887667742,0.1204063145374383,0.6978975032851511
5.0,7.0,3.75,502260,294302,0.5859554812248636,0.9380772132027645,102038,0.2031577270736272,0.7105980125051451,105920,0.21088679170150917,0.4778700906344411,18224,29530,47754,0.7891132082984909,0.12048746026139173,0.6940349619718871
5.0,7.0,4.0,502260,292985,0.5833333333333334,0.9382323327132789,102051,0.20318361008242744,0.710507491352363,107224,0.21348305658423924,0.4830355144370663,18097,29543,47640,0.7865169434157607,0.12059660385382598,0.6916656711663283
5.0,7.0,4.25,502260,292174,0.5817186317843348,0.9382936195554704,102053,0.20318759208378132,0.7104935670680921,108033,0.21509377613188388,0.48627734118278676,18029,29545,47574,0.7849062238681161,0.12067666598178207,0.6901863576633617
5.0,7.0,4.5,502260,291743,0.5808605104925736,0.9382915785468717,102053,0.20318759208378132,0.7104935670680921,108464,0.21595189742364512,0.4880789939519103,18003,29545,47548,0.7840481025763548,0.1207427195806966,0.6893800023892008
5.0,7.0,4.75,502260,291527,0.5804304543463544,0.9382527175870503,102053,0.20318759208378132,0.7104935670680921,108680,0.21638195356986423,0.489078027235922,18001,29545,47546,0.7836180464301358,0.12080390263732914,0.6889539282443355
5.0,7.0,5.0,502260,291407,0.5801915342651216,0.9382307219799113,102053,0.20318759208378132,0.7104935670680921,108800,0.21662087365109703,0.48963235294117646,18000,29545,47545,0.7833791263489029,0.12083820464596147,0.6887169991637797
5.0,7.25,3.0,502260,294700,0.5867478994942859,0.9458534102477095,101331,0.20175008959503046,0.7137795936090634,106229,0.2115020109106837,0.4563537263835676,15957,29003,44960,0.7884979890893163,0.11352646636248173,0.6989825986540836
5.0,7.25,3.25,502260,288126,0.5736590610440807,0.948744646439405,101764,0.20261219288814558,0.7118627412444479,112370,0.22372874606777365,0.476497285752425,14768,29322,44090,0.7762712539322263,0.11308317730641976,0.6884880340859315
5.0,7.25,3.5,502260,283683,0.5648130450364353,0.9500428294963039,101958,0.20299844701947198,0.7109692226210793,116619,0.2321885079440927,0.49086340990747646,14172,29469,43641,0.7678114920559073,0.11316483465191719,0.6809222315135587
5.0,7.25,3.75,502260,280847,0.5591665671166328,0.9507525449800069,102038,0.2031577270736272,0.7105980125051451,119375,0.23767570580973998,0.4999204188481675,13831,29530,43361,0.76232429419026,0.11324810321637045,0.6759925138374547
5.0,7.25,4.0,502260,279098,0.5556843069326644,0.9509957076009143,102051,0.20318361008242744,0.710507491352363,121111,0.2411320829849082,0.5058169778137411,13677,29543,43220,0.7588679170150918,0.11339397453489318,0.672816867757735
5.0,7.25,4.25,502260,278029,0.5535559272090153,0.9511022231493838,102053,0.20318759208378132,0.7104935670680921,122178,0.24325648070720343,0.509461605198972,13595,29545,43140,0.7567435192927966,0.11350182329076357,0.6708517500895951
5.0,7.25,4.5,502260,277413,0.5523294707920201,0.9511198105351948,102053,0.20318759208378132,0.7104935670680921,122794,0.24448293712419863,0.5116373764190433,13560,29545,43105,0.7555170628758013,0.11359383976430036,0.6696949786962928
5.0,7.25,4.75,502260,277080,0.551666467566599,0.9510718925941967,102053,0.20318759208378132,0.7104935670680921,123127,0.24514594034961973,0.5129338000601006,13557,29545,43102,0.7548540596503803,0.11368569868621302,0.6690379484729025
5.0,7.25,5.0,502260,276882,0.5512722494325648,0.9510477387479143,102053,0.20318759208378132,0.7104935670680921,123325,0.24554015848365388,0.5136914656395702,13554,29545,43099,0.7544598415163462,0.11373718447754892,0.6686497033408991
5.0,7.5,3.0,502260,286958,0.5713335722534145,0.9541744784951108,101331,0.20175008959503046,0.7137795936090634,113971,0.22691633815155496,0.46865430679734316,13150,29003,42153,0.773083661848445,0.10856089150091813,0.6891570103133835
5.0,7.5,3.25,502260,279529,0.5565424282244256,0.9575929509997174,101764,0.20261219288814558,0.7118627412444479,120967,0.24084537888742882,0.48961286962560036,11854,29322,41176,0.7591546211125711,0.1079904430451123,0.6771731772388803
5.0,7.5,3.5,502260,274413,0.5463564687611994,0.959174674669203,101958,0.20299844701947198,0.7109692226210793,125889,0.25064508421932863,0.5047700752249998,11203,29469,40672,0.7493549157806714,0.10806358619553579,0.6683769362481583
5.0,7.5,3.75,502260,271089,0.5397383825110501,0.9600647757747456,102038,0.2031577270736272,0.7105980125051451,129133,0.2571038904153227,0.5144386020614405,10826,29530,40356,0.7428961095846772,0.10815620418785026,0.6625472862660774
5.0,7.5,4.0,502260,268964,0.535507506072552,0.9603775970018292,102051,0.20318361008242744,0.710507491352363,131245,0.2613088838450205,0.5209646081755496,10657,29543,40200,0.7386911161549795,0.10835141436330067,0.6586528889419823
5.0,7.5,4.25,502260,267651,0.5328933221837295,0.9605493721301247,102053,0.20318759208378132,0.7104935670680921,132556,0.2639190857324891,0.5249630344910831,10559,29545,40104,0.7360809142675109,0.10847596996516132,0.6562338231194998
5.0,7.5,4.5,502260,266877,0.5313522876597778,0.96058109166395,102053,0.20318759208378132,0.7104935670680921,133330,0.2654601202564409,0.5274281857046427,10520,29545,40065,0.7345398797435592,0.10859783698804651,0.6547704376219488
5.0,7.5,4.75,502260,266434,0.5304702743598932,0.9605305629161444,102053,0.20318759208378132,0.7104935670680921,133773,0.2663421335563254,0.5289632437038865,10516,29545,40061,0.7336578664436746,0.10871753956041869,0.653896388324772
5.0,7.5,5.0,502260,266160,0.5299247401744117,0.9605012022843402,102053,0.20318759208378132,0.7104935670680921,134047,0.26688766774180706,0.5299036904966169,10513,29545,40058,0.733112332258193,0.10879029257522141,0.6533568271413213
5.0,7.75,3.0,502260,279215,0.5559172540118663,0.9609977973962717,101331,0.20175008959503046,0.7137795936090634,121714,0.24233265639310317,0.48388845983206535,10890,29003,39893,0.7576673436068968,0.10483095341956032,0.6782403536017201
5.0,7.75,3.25,502260,270658,0.5388802612192888,0.96493730094806,101764,0.20261219288814558,0.7118627412444479,129838,0.2585075458925656,0.506277052942898,9490,29322,38812,0.7414924541074344,0.10421511081515056,0.6642177358340301
5.0,7.75,3.5,502260,264618,0.5268546171305698,0.9668578857069436,101958,0.20299844701947198,0.7109692226210793,135684,0.2701469358499582,0.5225892514961233,8770,29469,38239,0.7298530641500418,0.10431397581947537,0.6537191892645243
5.0,7.75,3.75,502260,260586,0.5188269024011468,0.9679990482988342,102038,0.2031577270736272,0.7105980125051451,139636,0.27801537052522596,0.533150476954367,8339,29530,37869,0.721984629474774,0.10443048446876103,0.6465874248397244
5.0,7.75,4.0,502260,257956,0.513590570620794,0.9683938346074524,102051,0.20318361008242744,0.710507491352363,142253,0.28322581929677854,0.5404314847490035,8153,29543,37696,0.7167741807032214,0.10470907510131748,0.6417214191852826
5.0,7.75,4.25,502260,256301,0.5102954645004579,0.9686267318504415,102053,0.20318759208378132,0.7104935670680921,143906,0.2865169434157608,0.544932108459689,8041,29545,37586,0.7134830565842393,0.10488511360275035,0.6386493051407638
5.0,7.75,4.5,502260,255306,0.5083144188269024,0.9686807203904334,102053,0.20318759208378132,0.7104935670680921,144901,0.2884979890893163,0.5477463923644419,7996,29545,37541,0.7115020109106837,0.1050512229998405,0.6367578544976705
5.0,7.75,4.75,502260,254724,0.5071556564329232,0.9686366420125312,102053,0.20318759208378132,0.7104935670680921,145483,0.2896567514832955,0.5495075025948049,7989,29545,37534,0.7103432485167045,0.10520296992238849,0.6356130291084299
5.0,7.75,5.0,502260,254328,0.5063672201648548,0.9685996036614136,102053,0.20318759208378132,0.7104935670680921,145879,0.29044518775136385,0.55070983486314,7986,29545,37531,0.7095548122486361,0.10531145038596333,0.6348305658423923
5.0,8.0,3.0,502260,270849,0.5392605423485844,0.9671772832833054,101331,0.20175008959503046,0.7137795936090634,130080,0.2589893680563851,0.5017066420664207,8890,29003,37893,0.7410106319436148,0.10181363856198614,0.6655656432923187
5.0,8.0,3.25,502260,260877,0.5194062835981365,0.9717491384828866,101764,0.20261219288814558,0.7118627412444479,139619,0.277981523513718,0.5256806022103009,7370,29322,36692,0.722018476486282,0.10117995483136215,0.6489646796479911
5.0,8.0,3.5,502260,253689,0.50509497073229,0.9740154283394235,101958,0.20299844701947198,0.7109692226210793,146613,0.29190658224823796,0.543321533561144,6592,29469,36061,0.708093417751762,0.10139548484874046,0.6362959423406204
5.0,8.0,3.75,502260,248728,0.4952176163739896,0.9753948087871088,102038,0.2031577270736272,0.7105980125051451,151494,0.30162465655238324,0.5550450842937674,6120,29530,35650,0.6983753434476168,0.10163470803897755,0.6273961693146975
5.0,8.0,4.0,502260,245424,0.488639350137379,0.975898852597953,102051,0.20318361008242744,0.710507491352363,154785,0.3081770397801935,0.5631811868075072,5915,29543,35458,0.6918229602198065,0.10204475142096554,0.6212260582168598
5.0,8.0,4.25,502260,243302,0.4844144467009119,0.9762147454603743,102053,0.20318759208378132,0.7104935670680921,156905,0.31239796121530683,0.5682674229629393,5787,29545,35332,0.6876020387846932,0.10230632247976719,0.617256002867041
5.0,8.0,4.5,502260,241968,0.48175845179787363,0.976302651590293,102053,0.20318759208378132,0.7104935670680921,158239,0.3150539561183451,0.5715721155972927,5734,29545,35279,0.6849460438816549,0.10254897230110953,0.6147055309998806
5.0,8.0,4.75,502260,241163,0.48015569625293675,0.9762525760585165,102053,0.20318759208378132,0.7104935670680921,159044,0.31665671166328196,0.5736965871079701,5727,29545,35272,0.683343288336718,0.10276910167358165,0.6131167124596822
5.0,8.0,5.0,502260,240584,0.47900290686098834,0.9762203637814652,102053,0.20318759208378132,0.7104935670680921,159623,0.31780950105523037,0.5752053275530469,5721,29545,35266,0.6821904989447697,0.10292525325636169,0.6119758690717956
5.0,8.25,3.0,502260,262970,0.5235734480149723,0.9736129596531924,101331,0.20175008959503046,0.7137795936090634,137959,0.2746764623899972,0.5160228763618177,6939,29003,35942,0.7253235376100028,0.0986601738672142,0.653762991279417
5.0,8.25,3.25,502260,251720,0.5011746903993948,0.9789726680438583,101764,0.20261219288814558,0.7118627412444479,148776,0.2962131167124597,0.5409138570737215,5293,29322,34615,0.7037868832875404,0.09792522433830103,0.6348683948552543
5.0,8.25,3.5,502260,243349,0.48450802373272805,0.9817587086858791,101958,0.20299844701947198,0.7109692226210793,156953,0.31249352924779994,0.5596898434563213,4439,29469,33908,0.6875064707522001,0.09819667715974481,0.6199956197985107
5.0,8.25,3.75,502260,237408,0.47267948871102616,0.9835473109583501,102038,0.2031577270736272,0.7105980125051451,162814,0.3241627842153466,0.5723832102890415,3906,29530,33436,0.6758372157846534,0.09850167626073073,0.6092661171504797
5.0,8.25,4.0,502260,233340,0.4645800979572333,0.9842161652524214,102051,0.20318361008242744,0.710507491352363,166869,0.33223629196033927,0.5814381341051963,3683,29543,33226,0.6677637080396608,0.0990664627255949,0.6016107195476447
5.0,8.25,4.25,502260,230662,0.4592481981443874,0.9847005575257303,102053,0.20318759208378132,0.7104935670680921,169545,0.3375642097718313,0.58713615854198,3529,29545,33074,0.6624357902281687,0.09940639886990367,0.5965854338390475
5.0,8.25,4.5,502260,228935,0.4558097399753116,0.9848646995872191,102053,0.20318759208378132,0.7104935670680921,171272,0.3410026679409071,0.5909255453314027,3465,29545,33010,0.6589973320590929,0.09973171232793938,0.5932743997132959
5.0,8.25,4.75,502260,227871,0.4536913152550472,0.984824747335115,102053,0.20318759208378132,0.7104935670680921,172336,0.3431210926611715,0.5934105468387336,3458,29545,33003,0.6568789073388285,0.10003212861143779,0.59116991199777
5.0,8.25,5.0,502260,227071,0.452098514713495,0.984806514262059,102053,0.20318759208378132,0.7104935670680921,173136,0.34471389320272366,0.5952430459292117,3450,29545,32995,0.6552861067972763,0.10025096923955713,0.5895930394616334
5.0,8.5,3.0,502260,256320,0.5103332935133198,0.9766775905118602,101331,0.20175008959503046,0.7137795936090634,144609,0.28791661689164977,0.5316335774398551,5978,29003,34981,0.7120833831083503,0.09780763929081703,0.6424361884283041
5.0,8.5,3.25,502260,243763,0.48533229801298133,0.9825527253931072,101764,0.20261219288814558,0.7118627412444479,156733,0.3120555090988731,0.5575851926524726,4253,29322,33575,0.6879444909011269,0.09717040925890018,0.6210966431728587
5.0,8.5,3.5,502260,234034,0.4659618524270298,0.9856559303349086,101958,0.20299844701947198,0.7109692226210793,166268,0.3310397005534982,0.5778502177207882,3357,29469,32826,0.6689602994465018,0.09769875473225553,0.6036037112252618
5.0,8.5,3.75,502260,226971,0.45189941464580097,0.9876680280740712,102038,0.2031577270736272,0.7105980125051451,173251,0.3449428582805718,0.5917541601491477,2799,29530,32329,0.6550571417194282,0.09826174967858022,0.5906900808346275
5.0,8.5,4.0,502260,221967,0.4419364472583921,0.9884757644154312,102051,0.20318361008242744,0.710507491352363,178242,0.3548799426591805,0.6018334623713827,2558,29543,32101,0.6451200573408195,0.09907165651290978,0.5812069446103612
5.0,8.5,4.25,502260,218693,0.43541791104208977,0.9890531475630221,102053,0.20318759208378132,0.7104935670680921,181514,0.36139449687412895,0.6081073636193352,2394,29545,31939,0.638605503125871,0.09957723556957843,0.5750149325050771
5.0,8.5,4.5,502260,216498,0.43104766455620597,0.9892793466914244,102053,0.20318759208378132,0.7104935670680921,183709,0.36576474336001275,0.6123924249764573,2321,29545,31866,0.6342352566399873,0.10003421744084935,0.5707900290686099
5.0,8.5,4.75,502260,215073,0.42821048859156613,0.9892455119889526,102053,0.20318759208378132,0.7104935670680921,185134,0.3686019193246526,0.6153326779521859,2313,29545,31858,0.6313980806753474,0.10045849283880855,0.5679687811093856
5.0,8.5,5.0,502260,213994,0.4260621988611476,0.989233342990925,102053,0.20318759208378132,0.7104935670680921,186213,0.37075020905507106,0.6175132778055238,2304,29545,31849,0.6292497909449289,0.100772986296342,0.5658384103850596
5.0,8.75,3.0,502260,248326,0.4944172341018596,0.9791483775359809,101331,0.20175008959503046,0.7137795936090634,152603,0.30383267630310995,0.5509262596410294,5178,29003,34181,0.69616732369689,0.09775580068467098,0.628112929558396
5.0,8.75,3.25,502260,234245,0.4663819535698642,0.9854425921577835,101764,0.20261219288814558,0.7118627412444479,166251,0.3310058535419902,0.577843140793138,3410,29322,32732,0.6689941464580098,0.09741405736155877,0.6038247123004021
5.0,8.75,3.5,502260,222953,0.44389957392585516,0.9888810646190004,101958,0.20299844701947198,0.7109692226210793,177349,0.3531019790546729,0.5992760038116933,2479,29469,31948,0.6468980209453271,0.09832846533358366,0.5832895313184407
5.0,8.75,3.75,502260,214410,0.42689045514275475,0.9911524649036892,102038,0.2031577270736272,0.7105980125051451,185812,0.369951817783618,0.614497449034508,1897,29530,31427,0.6300481822163819,0.09931173526140155,0.5674770039421814
5.0,8.75,4.0,502260,208192,0.4145104129335404,0.9921082462342453,102051,0.20318361008242744,0.710507491352363,192017,0.3823059769840322,0.6256321054906597,1643,29543,31186,0.6176940230159679,0.1005212043462705,0.5556026759049097
5.0,8.75,4.25,502260,204070,0.40630350814319277,0.9927965894055961,102053,0.20318759208378132,0.7104935670680921,196137,0.39050889977302594,0.6326139382166547,1470,29545,31015,0.6094911002269741,0.10131548429879493,0.5477402142316729
5.0,8.75,4.5,502260,201231,0.40065105722135946,0.9930676685003802,102053,0.20318759208378132,0.7104935670680921,198976,0.39616135069485925,0.6374788919266645,1395,29545,30940,0.6038386493051408,0.10201659170942087,0.54223708836061
5.0,8.75,4.75,502260,199249,0.3967048938796639,0.9930388609227649,102053,0.20318759208378132,0.7104935670680921,200958,0.40010751403655476,0.6410145403517152,1387,29545,30932,0.5998924859634452,0.10266111741707655,0.53830685302433
5.0,8.75,5.0,502260,197723,0.3936666268466531,0.9930357115762961,102053,0.20318759208378132,0.7104935670680921,202484,0.40314578106956556,0.6436706110112403,1377,29545,30922,0.5968542189304344,0.10315035226302306,0.5352884959980886
5.0,9.0,3.0,502260,243214,0.48423923864134116,0.9802766288124861,101331,0.20175008959503046,0.7137795936090634,157715,0.3140106717636284,0.563066290460641,4797,29003,33800,0.6859893282363716,0.09810039327228665,0.6186935053557918
5.0,9.0,3.25,502260,228249,0.4544439135109306,0.9868827464742452,101764,0.20261219288814558,0.7118627412444479,172247,0.3429438936009238,0.5901234854598338,2994,29322,32316,0.6570561063990762,0.09792341513819153,0.5927149285230757
5.0,9.0,3.5,502260,216004,0.43006411022179747,0.9905325827299495,101958,0.20299844701947198,0.7109692226210793,184298,0.3669374427587305,0.6120305157950711,2045,29469,31514,0.6330625572412695,0.09911247255961404,0.5703181619081751
5.0,9.0,3.75,502260,206627,0.41139449687412893,0.9929825240651028,102038,0.2031577270736272,0.7105980125051451,193595,0.38544777605224384,0.6276866654614014,1450,29530,30980,0.6145522239477561,0.10036771256864238,0.5528710229761478
5.0,9.0,4.0,502260,199668,0.39753912316330187,0.9940501232045195,102051,0.20318361008242744,0.710507491352363,200541,0.3992772667542707,0.639275759071711,1188,29543,30731,0.6007227332457293,0.10185304869762925,0.539537291442679
5.0,9.0,4.25,502260,194928,0.3881017799546052,0.9948237297874087,102053,0.20318759208378132,0.7104935670680921,205279,0.4087106279616135,0.6467295729227052,1009,29545,30554,0.5912893720383865,0.10288200255235183,0.5304563373551547
5.0,9.0,4.5,502260,191635,0.381545414725441,0.9951470242909698,102053,0.20318759208378132,0.7104935670680921,208572,0.4152669931907777,0.6519283508812305,930,29545,30475,0.5847330068092224,0.10376658222331181,0.5240572611794688
5.0,9.0,4.75,502260,189304,0.37690439214749333,0.9951348096183916,102053,0.20318759208378132,0.7104935670680921,210903,0.4199080157687254,0.6557327302124674,921,29545,30466,0.5800919842312746,0.10456587622744605,0.5194341576076136
5.0,9.0,5.0,502260,187416,0.37314538286943016,0.9951391556750757,102053,0.20318759208378132,0.7104935670680921,212791,0.4236670250467885,0.65874026627066,911,29545,30456,0.5763329749532115,0.10521333890675685,0.5156950583363198
5.25,7.0,3.0,502260,305627,0.6085035638912117,0.9341975676232793,108793,0.21660693664635847,0.7101743678361659,87840,0.17488949946242982,0.44600409836065574,20111,31531,51642,0.8251105005375702,0.1246127117417113,0.7222912435790229
5.25,7.0,3.25,502260,300116,0.5975311591605941,0.9366078449666129,109354,0.21772388802612194,0.7078661960239223,92790,0.18474495281328396,0.4654273089772605,19025,31946,50971,0.815255047186716,0.12448042591642855,0.7137717516823955
5.25,7.0,3.5,502260,296551,0.5904332417473022,0.9375689173194492,109618,0.21824951220483416,0.7066996296228721,96091,0.19131724604786365,0.47908753161066076,18514,32151,50665,0.8086827539521363,0.12473871713498569,0.7078087046549596
5.25,7.0,3.75,502260,294302,0.5859554812248636,0.9380772132027645,109732,0.21847648628200533,0.7061659315423031,98226,0.19556803249313104,0.4876814692647568,18224,32243,50467,0.804431967506869,0.1249078047887059,0.7039521363437263
5.25,7.0,4.0,502260,292985,0.5833333333333334,0.9382323327132789,109755,0.21852227929757495,0.7060543938772721,99520,0.1981443873690917,0.49310691318327976,18097,32262,50359,0.8018556126309083,0.1250409693598848,0.7015908095408753
5.25,7.0,4.25,502260,292174,0.5817186317843348,0.9382936195554704,109761,0.2185342253016366,0.7060249086651907,100325,0.1997471429140286,0.4965063543483678,18029,32267,50296,0.8002528570859714,0.12513466107703983,0.7001134870385857
5.25,7.0,4.5,502260,291743,0.5808605104925736,0.9382915785468717,109763,0.21853820730299048,0.7060211546696064,100754,0.20060128220443596,0.4984020485539036,18003,32268,50271,0.799398717795564,0.12520609903712523,0.6993091227651018
5.25,7.0,4.75,502260,291527,0.5804304543463544,0.9382527175870503,109763,0.21853820730299048,0.7060211546696064,100970,0.20103133835065504,0.4994552837476478,18001,32268,50269,0.798968661649345,0.12526850905828701,0.6988830486202364
5.25,7.0,5.0,502260,291407,0.5801915342651216,0.9382307219799113,109763,0.21853820730299048,0.7060211546696064,101090,0.20127025843188787,0.5000395687011574,18000,32268,50268,0.7987297415681122,0.12530348729964852,0.6986461195396807
5.25,7.25,3.0,502260,294700,0.5867478994942859,0.9458534102477095,108793,0.21660693664635847,0.7101743678361659,98767,0.1966451638593557,0.4652363643727156,15957,31531,47488,0.8033548361406443,0.11769225240586578,0.7088061959941067
5.25,7.25,3.25,502260,288126,0.5736590610440807,0.948744646439405,109354,0.21772388802612194,0.7078661960239223,104780,0.20861705092979732,0.48597060507730483,14768,31946,46714,0.7913829490702027,0.11752541008352621,0.6983753434476168
5.25,7.25,3.5,502260,283683,0.5648130450364353,0.9500428294963039,109618,0.21824951220483416,0.7066996296228721,108959,0.21693744275873053,0.5007571655393314,14172,32151,46323,0.7830625572412695,0.11778002090002314,0.6908334328833672
5.25,7.25,3.75,502260,280847,0.5591665671166328,0.9507525449800069,109732,0.21847648628200533,0.7061659315423031,111681,0.22235694660136185,0.5100688568333019,13831,32243,46074,0.7776430533986382,0.11796333136190118,0.685909688209294
5.25,7.25,4.0,502260,279098,0.5556843069326644,0.9509957076009143,109755,0.21852227929757495,0.7060543938772721,113407,0.22579341376976067,0.5162027035368187,13677,32262,45939,0.7742065862302393,0.11813975975497168,0.682742006132282
5.25,7.25,4.25,502260,278029,0.5535559272090153,0.9511022231493838,109761,0.2185342253016366,0.7060249086651907,114470,0.22790984748934814,0.5199877697213243,13595,32267,45862,0.7720901525106518,0.1182650403568942,0.6807788794648191
5.25,7.25,4.5,502260,277413,0.5523294707920201,0.9511198105351948,109763,0.21853820730299048,0.7060211546696064,115084,0.22913232190498944,0.5222533106252824,13560,32268,45828,0.7708676780950106,0.1183647746761163,0.6796240990721938
5.25,7.25,4.75,502260,277080,0.551666467566599,0.9510718925941967,109763,0.21853820730299048,0.7060211546696064,115417,0.22979532513041054,0.5236057079979552,13557,32268,45825,0.7702046748695894,0.11845890968687556,0.6789670688488034
5.25,7.25,5.0,502260,276882,0.5512722494325648,0.9510477387479143,109763,0.21853820730299048,0.7060211546696064,115615,0.2301895432644447,0.5243956234052675,13554,32268,45822,0.7698104567355553,0.11851181316194442,0.6785788237168
5.25,7.5,3.0,502260,286958,0.5713335722534145,0.9541744784951108,108793,0.21660693664635847,0.7101743678361659,106509,0.21205949110022698,0.47775305373254845,13150,31531,44681,0.7879405088997731,0.11290179936374134,0.6989806076534065
5.25,7.5,3.25,502260,279529,0.5565424282244256,0.9575929509997174,109354,0.21772388802612194,0.7078661960239223,113377,0.22573368374945246,0.49924587879375887,11854,31946,43800,0.7742663162505475,0.11263027697276559,0.6870604866005655
5.25,7.5,3.5,502260,274413,0.5463564687611994,0.959174674669203,109618,0.21824951220483416,0.7066996296228721,118229,0.23539401903396648,0.5147890957379323,11203,32151,43354,0.7646059809660335,0.1128919279953962,0.6782881376179668
5.25,7.5,3.75,502260,271089,0.5397383825110501,0.9600647757747456,109732,0.21847648628200533,0.7061659315423031,121439,0.24178513120694461,0.5246914088554747,10826,32243,43069,0.7582148687930554,0.11309512868250438,0.6724644606379167
5.25,7.5,4.0,502260,268964,0.535507506072552,0.9603775970018292,109755,0.21852227929757495,0.7060543938772721,123541,0.24597021462987298,0.5314430027278393,10657,32262,42919,0.754029785370127,0.113326767339373,0.6685780273165293
5.25,7.5,4.25,502260,267651,0.5328933221837295,0.9605493721301247,109761,0.2185342253016366,0.7060249086651907,124848,0.24857245251463386,0.5355712546456491,10559,32267,42826,0.7514275474853661,0.11347280955560501,0.6661609524947238
5.25,7.5,4.5,502260,266877,0.5313522876597778,0.96058109166395,109763,0.21853820730299048,0.7060211546696064,125620,0.2501095050372317,0.5381229103645916,10520,32268,42788,0.7498904949627683,0.11360450297366186,0.6646995579978496
5.25,7.5,4.75,502260,266434,0.5304702743598932,0.9605305629161444,109763,0.21853820730299048,0.7060211546696064,126063,0.25099151833711625,0.5397142698492023,10516,32268,42784,0.7490084816628838,0.11372764801420532,0.663825508700673
5.25,7.5,5.0,502260,266160,0.5299247401744117,0.9605012022843402,109763,0.21853820730299048,0.7060211546696064,126337,0.25153705252259784,0.5406887926735635,10513,32268,42781,0.7484629474774022,0.11380256063076748,0.6632859475172221
5.25,7.75,3.0,502260,279215,0.5559172540118663,0.9609977973962717,108793,0.21660693664635847,0.7101743678361659,114252,0.22747580934177516,0.49336554283513634,10890,31531,42421,0.7725241906582249,0.10933021999546401,0.6880639509417432
5.25,7.75,3.25,502260,270658,0.5388802612192888,0.96493730094806,109354,0.21772388802612194,0.7078661960239223,122248,0.24339585075458925,0.5162456645507493,9490,31946,41436,0.7566041492454108,0.10903866193699147,0.6741050451957153
5.25,7.75,3.5,502260,264618,0.5268546171305698,0.9668578857069436,109618,0.21824951220483416,0.7066996296228721,128024,0.254895870664596,0.5329078922701993,8770,32151,40921,0.7451041293354039,0.10934543977597025,0.6636303906343328
5.25,7.75,3.75,502260,260586,0.5188269024011468,0.9679990482988342,109732,0.21847648628200533,0.7061659315423031,131942,0.26269661131684785,0.5436782828818724,8339,32243,40582,0.7373033886831521,0.109586895587036,0.6565045992115637
5.25,7.75,4.0,502260,257956,0.513590570620794,0.9683938346074524,109755,0.21852227929757495,0.7060543938772721,134549,0.26788715008163105,0.5511672327553531,8153,32262,40415,0.732112849918369,0.10990968450767043,0.6516465575598296
5.25,7.75,4.25,502260,256301,0.5102954645004579,0.9686267318504415,109761,0.2185342253016366,0.7060249086651907,136198,0.27117031019790544,0.5557864285819175,8041,32267,40308,0.7288296898020945,0.11011249460473908,0.6485764345159877
5.25,7.75,4.5,502260,255306,0.5083144188269024,0.9686807203904334,109763,0.21853820730299048,0.7060211546696064,137191,0.2731473738701071,0.5586809630369339,7996,32268,40264,0.7268526261298929,0.11029147914503834,0.6466869748735715
5.25,7.75,4.75,502260,254724,0.5071556564329232,0.9686366420125312,109763,0.21853820730299048,0.7060211546696064,137773,0.27430613626408634,0.5604944365006206,7989,32268,40257,0.7256938637359137,0.11044838361862014,0.6455421494843308
5.25,7.75,5.0,502260,254328,0.5063672201648548,0.9685996036614136,109763,0.21853820730299048,0.7060211546696064,138169,0.27509457253215464,0.5617323712265414,7986,32268,40254,0.7249054274678454,0.1105602720199071,0.6447596862182933
5.25,8.0,3.0,502260,270849,0.5392605423485844,0.9671772832833054,108793,0.21660693664635847,0.7101743678361659,122618,0.24413252100505714,0.511621458513432,8890,31531,40421,0.7558674789949429,0.1064713598600787,0.6753892406323418
5.25,8.0,3.25,502260,260877,0.5194062835981365,0.9717491384828866,109354,0.21772388802612194,0.7078661960239223,132029,0.26286982837574163,0.5360261760673791,7370,31946,39316,0.7371301716242583,0.10619316048629099,0.6588519890096763
5.25,8.0,3.5,502260,253689,0.50509497073229,0.9740154283394235,109618,0.21824951220483416,0.7066996296228721,138953,0.2766555170628758,0.5539714867617108,6592,32151,38743,0.7233444829371242,0.10663983903420524,0.6462071437104289
5.25,8.0,3.75,502260,248728,0.4952176163739896,0.9753948087871088,109732,0.21847648628200533,0.7061659315423031,143800,0.2863058973440051,0.5658762169680112,6120,32243,38363,0.7136941026559949,0.10702170395581097,0.6373133436865369
5.25,8.0,4.0,502260,245424,0.488639350137379,0.975898852597953,109755,0.21852227929757495,0.7060543938772721,147081,0.29283837056504597,0.5741938115732148,5915,32262,38177,0.707161629434954,0.10748664757770025,0.6311511965914068
5.25,8.0,4.25,502260,243302,0.4844144467009119,0.9762147454603743,109761,0.2185342253016366,0.7060249086651907,149197,0.29705132799745154,0.5793816229548852,5787,32267,38054,0.7029486720025485,0.10778246375292795,0.627183132242265
5.25,8.0,4.5,502260,241968,0.48175845179787363,0.976302651590293,109763,0.21853820730299048,0.7060211546696064,150529,0.2997033408991359,0.58275813962758,5734,32268,38002,0.7002966591008641,0.10804279406705693,0.6246346513757814
5.25,8.0,4.75,502260,241163,0.48015569625293675,0.9762525760585165,109763,0.21853820730299048,0.7060211546696064,151334,0.3013060964440728,0.5849313439147845,5727,32268,37995,0.6986939035559272,0.108270689547084,0.6230458328355832
5.25,8.0,5.0,502260,240584,0.47900290686098834,0.9762203637814652,109763,0.21853820730299048,0.7060211546696064,151913,0.3024588858360212,0.5864738369988085,5721,32268,37989,0.6975411141639788,0.10843249692447773,0.6219049894476965
5.25,8.25,3.0,502260,262970,0.5235734480149723,0.9736129596531924,108793,0.21660693664635847,0.7101743678361659,130497,0.2598196153386692,0.5261576894487996,6939,31531,38470,0.7401803846613307,0.1034799052084258,0.6635865886194401
5.25,8.25,3.25,502260,251720,0.5011746903993948,0.9789726680438583,109354,0.21772388802612194,0.7078661960239223,141186,0.2811014215744833,0.5514073633363081,5293,31946,37239,0.7188985784255166,0.10313398361554695,0.6447557042169395
5.25,8.25,3.5,502260,243349,0.48450802373272805,0.9817587086858791,109618,0.21824951220483416,0.7066996296228721,149293,0.29724246406243776,0.5704420167054048,4439,32151,36590,0.7027575359375622,0.10366408191134015,0.6299068211683192
5.25,8.25,3.75,502260,237408,0.47267948871102616,0.9835473109583501,109732,0.21847648628200533,0.7061659315423031,155120,0.3088440250069685,0.5832839092315627,3906,32243,36149,0.6911559749930315,0.10413377887883851,0.6191832915223191
5.25,8.25,4.0,502260,233340,0.4645800979572333,0.9842161652524214,109755,0.21852227929757495,0.7060543938772721,159165,0.31689762274519173,0.5924983507680709,3683,32262,35945,0.6831023772548083,0.10476690129555954,0.6115358579221917
5.25,8.25,4.25,502260,230662,0.4592481981443874,0.9847005575257303,109761,0.2185342253016366,0.7060249086651907,161837,0.32221757655397604,0.5982809864246125,3529,32267,35796,0.677782423446024,0.10515153206451973,0.6065125632142715
5.25,8.25,4.5,502260,228935,0.4558097399753116,0.9848646995872191,109763,0.21853820730299048,0.7060211546696064,163562,0.32565205272169795,0.6021325246695443,3465,32268,35733,0.674347947278302,0.10550106584627013,0.6032035200891969
5.25,8.25,4.75,502260,227871,0.4536913152550472,0.984824747335115,109763,0.21853820730299048,0.7060211546696064,164626,0.3277704774419623,0.6046614751011383,3458,32268,35726,0.6722295225580377,0.10581280321294656,0.601099032373671
5.25,8.25,5.0,502260,227071,0.452098514713495,0.984806514262059,109763,0.21853820730299048,0.7060211546696064,165426,0.3293632779835145,0.6065249718907548,3450,32268,35718,0.6706367220164855,0.10604036409626107,0.5995221598375344
5.25,8.5,3.0,502260,256320,0.5103332935133198,0.9766775905118602,108793,0.21660693664635847,0.7101743678361659,137147,0.27305976984032176,0.5421263316003996,5978,31531,37509,0.7269402301596782,0.10273257868112064,0.6522597857683272
5.25,8.5,3.25,502260,243763,0.48533229801298133,0.9825527253931072,109354,0.21772388802612194,0.7078661960239223,149143,0.29694381396089675,0.5683672716788586,4253,31946,36199,0.7030561860391032,0.10251276489095683,0.6309839525345439
5.25,8.5,3.5,502260,234034,0.4659618524270298,0.9856559303349086,109618,0.21824951220483416,0.7066996296228721,158608,0.315788635368136,0.5888479774034097,3357,32151,35508,0.6842113646318639,0.1033254571485107,0.6135149125950703
5.25,8.5,3.75,502260,226971,0.45189941464580097,0.9876680280740712,109732,0.21847648628200533,0.7061659315423031,165557,0.3296240990721937,0.6028678944411895,2799,32243,35042,0.6703759009278063,0.10407391677531831,0.6006072552064667
5.25,8.5,4.0,502260,221967,0.4419364472583921,0.9884757644154312,109755,0.21852227929757495,0.7060543938772721,170538,0.33954127344403295,0.6130774372867044,2558,32262,34820,0.660458726555967,0.10496741247188911,0.5911320829849083
5.25,8.5,4.25,502260,218693,0.43541791104208977,0.9890531475630221,109761,0.2185342253016366,0.7060249086651907,173806,0.34604786365627366,0.6194147497784886,2394,32267,34661,0.6539521363437264,0.10552771468759704,0.5849420618803011
5.25,8.5,4.5,502260,216498,0.43104766455620597,0.9892793466914244,109763,0.21853820730299048,0.7060211546696064,175999,0.3504141281408036,0.6237478622037625,2321,32268,34589,0.6495858718591965,0.10601634887406094,0.5807191494445108
5.25,8.5,4.75,502260,215073,0.42821048859156613,0.9892455119889526,109763,0.21853820730299048,0.7060211546696064,177424,0.3532513041054434,0.6267246821174136,2313,32268,34581,0.6467486958945566,0.10645679666046867,0.5778979014852865
5.25,8.5,5.0,502260,213994,0.4260621988611476,0.989233342990925,109763,0.21853820730299048,0.7060211546696064,178503,0.3553995938358619,0.628930606208299,2304,32268,34572,0.644600406164138,0.10678379154736423,0.5757675307609604
5.25,8.75,3.0,502260,248326,0.4944172341018596,0.9791483775359809,108793,0.21660693664635847,0.7101743678361659,145141,0.28897582925178195,0.5618329762093413,5178,31531,36709,0.7110241707482181,0.10279206651004287,0.6379365268984192
5.25,8.75,3.25,502260,234245,0.4663819535698642,0.9854425921577835,109354,0.21772388802612194,0.7078661960239223,158661,0.31589415840401386,0.5889475044276792,3410,31946,35356,0.6841058415959862,0.10289901891449044,0.6137120216620874
5.25,8.75,3.5,502260,222953,0.44389957392585516,0.9888810646190004,109618,0.21824951220483416,0.7066996296228721,169689,0.3378509138693107,0.6105227799091278,2479,32151,34630,0.6621490861306892,0.10412814105860102,0.5932007326882491
5.25,8.75,3.75,502260,214410,0.42689045514275475,0.9911524649036892,109732,0.21847648628200533,0.7061659315423031,178118,0.3546330585752399,0.6258098563873388,1897,32243,34140,0.64536694142476,0.10532420975992003,0.5773941783140206
5.25,8.75,4.0,502260,208192,0.4145104129335404,0.9921082462342453,109755,0.21852227929757495,0.7060543938772721,184313,0.36696730776888464,0.6370304861838286,1643,32262,33905,0.6330326922311154,0.10663726973363485,0.5655278142794569
5.25,8.75,4.25,502260,204070,0.40630350814319277,0.9927965894055961,109761,0.2185342253016366,0.7060249086651907,188429,0.37516226655517065,0.644046298605841,1470,32267,33737,0.6248377334448294,0.10750053372675102,0.5576673436068968
5.25,8.75,4.5,502260,201231,0.40065105722135946,0.9930676685003802,109763,0.21853820730299048,0.7060211546696064,191266,0.3808107354756501,0.6489391737161858,1395,32268,33663,0.61918926452435,0.10824324585040226,0.552166208736511
5.25,8.75,4.75,502260,199249,0.3967048938796639,0.9930388609227649,109763,0.21853820730299048,0.7060211546696064,193248,0.3847568988173456,0.6524983440967047,1387,32268,33655,0.6152431011826544,0.10891162802739052,0.5482359734002309
5.25,8.75,5.0,502260,197723,0.3936666268466531,0.9930357115762961,109763,0.21853820730299048,0.7060211546696064,194774,0.3877951658503564,0.6551695811555958,1377,32268,33645,0.6122048341496437,0.10941961585242906,0.5452176163739895
5.25,9.0,3.0,502260,243214,0.48423923864134116,0.9802766288124861,108793,0.21660693664635847,0.7101743678361659,150253,0.2991538247123004,0.5742048411678968,4797,31531,36328,0.7008461752876995,0.10320249313223885,0.628517102695815
5.25,9.0,3.25,502260,228249,0.4544439135109306,0.9868827464742452,109354,0.21772388802612194,0.7078661960239223,164657,0.3278321984629475,0.6013895552572924,2994,31946,34940,0.6721678015370525,0.1034943409863064,0.6026022378847609
5.25,9.0,3.5,502260,216004,0.43006411022179747,0.9905325827299495,109618,0.21824951220483416,0.7066996296228721,176638,0.35168637757336835,0.6233879459685912,2045,32151,34196,0.6483136224266316,0.10501747424928291,0.5802293632779836
5.25,9.0,3.75,502260,206627,0.41139449687412893,0.9929825240651028,109732,0.21847648628200533,0.7061659315423031,185901,0.37012901684386573,0.6390713336668442,1450,32243,33693,0.6298709831561343,0.10650242288033532,0.5627881973479871
5.25,9.0,4.0,502260,199668,0.39753912316330187,0.9940501232045195,109755,0.21852227929757495,0.7060543938772721,192837,0.3839385975391232,0.6507153710128243,1188,32262,33450,0.6160614024608768,0.10810443955362077,0.5494624298172262
5.25,9.0,4.25,502260,194928,0.3881017799546052,0.9948237297874087,109761,0.2185342253016366,0.7060249086651907,197571,0.3933639947437582,0.6581836403115842,1009,32267,33276,0.6066360052562418,0.10921300079753453,0.5403834667303787
5.25,9.0,4.5,502260,191635,0.381545414725441,0.9951470242909698,109763,0.21853820730299048,0.7060211546696064,200862,0.39991637797156854,0.6633957642560564,930,32268,33198,0.6000836220284315,0.11014671630203253,0.5339863815553698
5.25,9.0,4.75,502260,189304,0.37690439214749333,0.9951348096183916,109763,0.21853820730299048,0.7060211546696064,203193,0.40455740054951617,0.667212945327841,921,32268,33189,0.5954425994504838,0.11097513266258062,0.5293632779835146
5.25,9.0,5.0,502260,187416,0.37314538286943016,0.9951391556750757,109763,0.21853820730299048,0.7060211546696064,205081,0.40831640982757933,0.6702278611865555,911,32268,33179,0.5916835901724207,0.11164651607280461,0.5256241787122207
5.5,7.0,3.0,502260,305627,0.6085035638912117,0.9341975676232793,125706,0.25028073109544857,0.7007223203347493,70927,0.14121570501333972,0.4664937188940742,20111,37621,57732,0.8587842949866603,0.13384554393009576,0.7438398439055469
5.5,7.0,3.25,502260,300116,0.5975311591605941,0.9366078449666129,126696,0.2522518217656194,0.697220117446486,75448,0.15021701907378648,0.4873820379599194,19025,38361,57386,0.8497829809262135,0.1344526395696466,0.7355274160793213
5.5,7.0,3.5,502260,296551,0.5904332417473022,0.9375689173194492,127232,0.25331899812845937,0.6951946051307847,78477,0.15624776012423844,0.5021343833225022,18514,38781,57295,0.8437522398757615,0.1351989107632916,0.7296778560904711
5.5,7.0,3.75,502260,294302,0.5859554812248636,0.9380772132027645,127488,0.2538286943017561,0.6941594503012049,80470,0.1602158244733803,0.5114328321113458,18224,38991,57215,0.8397841755266197,0.13564807131510942,0.7258690717954844
5.5,7.0,4.0,502260,292985,0.5833333333333334,0.9382323327132789,127569,0.25398996535658824,0.6938205990483581,81706,0.16267670131007844,0.5174283406359386,18097,39059,57156,0.8373232986899215,0.13590644721010858,0.7235256639987259
5.5,7.0,4.25,502260,292174,0.5817186317843348,0.9382936195554704,127619,0.2540895153904352,0.693603617016275,82467,0.16419185282522997,0.5211417900493531,18029,39102,57131,0.83580814717477,0.13609326501394736,0.7220602875004978
5.5,7.0,4.5,502260,291743,0.5808605104925736,0.9382915785468717,127627,0.2541054433958507,0.6935679754283968,82890,0.16503404611157568,0.5232838701894077,18003,39109,57112,0.8349659538884243,0.1361852302262918,0.7212559232270139
5.5,7.0,4.75,502260,291527,0.5804304543463544,0.9382527175870503,127628,0.2541074343965277,0.6935625411351741,83105,0.16546211125711782,0.524493111124481,18001,39110,57111,0.8345378887428822,0.13625269888227506,0.7208298490821486
5.5,7.0,5.0,502260,291407,0.5801915342651216,0.9382307219799113,127628,0.2541074343965277,0.6935625411351741,83225,0.16570103133835065,0.5251667167317513,18000,39110,57110,0.8342989686616493,0.1362893314400945,0.7205929200015928
5.5,7.25,3.0,502260,294700,0.5867478994942859,0.9458534102477095,125706,0.25028073109544857,0.7007223203347493,81854,0.1629713694102656,0.48696459549930365,15957,37621,53578,0.8370286305897344,0.12744347131106598,0.7303547963206307
5.5,7.25,3.25,502260,288126,0.5736590610440807,0.948744646439405,126696,0.2522518217656194,0.697220117446486,87438,0.17408911719029985,0.5089892266520277,14768,38361,53129,0.8259108828097002,0.12807662081567517,0.7201310078445426
5.5,7.25,3.5,502260,283683,0.5648130450364353,0.9500428294963039,127232,0.25331899812845937,0.6951946051307847,91345,0.18186795683510532,0.5247358914007335,14172,38781,52953,0.8181320431648946,0.1288660671915116,0.7127025843188787
5.5,7.25,3.75,502260,280847,0.5591665671166328,0.9507525449800069,127488,0.2538286943017561,0.6941594503012049,93925,0.18700473858161112,0.5346499866915092,13831,38991,52822,0.8129952614183888,0.12935947200215508,0.7078266236610521
5.5,7.25,4.0,502260,279098,0.5556843069326644,0.9509957076009143,127569,0.25398996535658824,0.6938205990483581,95593,0.19032572771074743,0.5412948646867448,13677,39059,52736,0.8096742722892526,0.1296785822306703,0.7046768605901326
5.5,7.25,4.25,502260,278029,0.5535559272090153,0.9511022231493838,127619,0.2540895153904352,0.693603617016275,96612,0.19235455740054952,0.5453566844698381,13595,39102,52697,0.8076454425994505,0.12990819626868616,0.7027256799267312
5.5,7.25,4.5,502260,277413,0.5523294707920201,0.9511198105351948,127627,0.2541054433958507,0.6935679754283968,97220,0.19356508581212917,0.5478502365768361,13560,39109,52669,0.8064349141878708,0.13003407070906578,0.7015708995341059
5.5,7.25,4.75,502260,277080,0.551666467566599,0.9510718925941967,127628,0.2541074343965277,0.6935625411351741,97552,0.19422609803687332,0.5493582909627686,13557,39110,52667,0.8057739019631267,0.13013580161499155,0.7009138693107156
5.5,7.25,5.0,502260,276882,0.5512722494325648,0.9510477387479143,127628,0.2541074343965277,0.6935625411351741,97750,0.1946203161709075,0.5502404092071611,13554,39110,52664,0.8053796838290925,0.13019208425008033,0.7005256241787122
5.5,7.5,3.0,502260,286958,0.5713335722534145,0.9541744784951108,125706,0.25028073109544857,0.7007223203347493,89596,0.17838569665113685,0.49996651636233763,13150,37621,50771,0.8216143033488631,0.12303229746234225,0.7205292079799306
5.5,7.5,3.25,502260,279529,0.5565424282244256,0.9575929509997174,126696,0.2522518217656194,0.697220117446486,96035,0.19120575000995502,0.5226011350028635,11854,38361,50215,0.808794249990045,0.12361376084682134,0.7088161509974913
5.5,7.5,3.5,502260,274413,0.5463564687611994,0.959174674669203,127232,0.25331899812845937,0.6951946051307847,100615,0.20032453311034126,0.5390150573970084,11203,38781,49984,0.7996754668896587,0.12444820674974169,0.7001572890534783
5.5,7.5,3.75,502260,271089,0.5397383825110501,0.9600647757747456,127488,0.2538286943017561,0.6941594503012049,103683,0.2064329231871939,0.5494632678452591,10826,38991,49817,0.7935670768128061,0.12498714175679981,0.6943813960896748
5.5,7.5,4.0,502260,268964,0.535507506072552,0.9603775970018292,127569,0.25398996535658824,0.6938205990483581,105727,0.21050252857085971,0.5566979106566913,10657,39059,49716,0.7894974714291403,0.12537670256952133,0.6905128817743799
5.5,7.5,4.25,502260,267651,0.5328933221837295,0.9605493721301247,127619,0.2540895153904352,0.693603617016275,106990,0.21301716242583524,0.56108047481073,10559,39102,49661,0.7869828375741648,0.12563817137652744,0.688107752956636
5.5,7.5,4.5,502260,266877,0.5313522876597778,0.96058109166395,127627,0.2541054433958507,0.6935679754283968,107756,0.21454226894437145,0.5638479527822117,10520,39109,49629,0.7854577310556285,0.12580100581996634,0.6866463584597617
5.5,7.5,4.75,502260,266434,0.5304702743598932,0.9605305629161444,127628,0.2541074343965277,0.6935625411351741,108198,0.21542229124357903,0.5655927096619161,10516,39110,49626,0.784577708756421,0.12593449761712625,0.6857723091625851
5.5,7.5,5.0,502260,266160,0.5299247401744117,0.9605012022843402,127628,0.2541074343965277,0.6935625411351741,108472,0.21596782542906065,0.5666623644811565,10513,39110,49623,0.7840321745709393,0.1260145052667933,0.6852327479791344
5.5,7.75,3.0,502260,279215,0.5559172540118663,0.9609977973962717,125706,0.25028073109544857,0.7007223203347493,97339,0.19380201489268506,0.516524722875723,10890,37621,48511,0.8061979851073149,0.11980361601398791,0.7096125512682674
5.5,7.75,3.25,502260,270658,0.5388802612192888,0.96493730094806,126696,0.2522518217656194,0.697220117446486,104906,0.20886791701509178,0.5404362000266906,9490,38361,47851,0.7911320829849082,0.12042410545760204,0.6958607095926412
5.5,7.75,3.5,502260,264618,0.5268546171305698,0.9668578857069436,127232,0.25331899812845937,0.6951946051307847,110410,0.2198263847409708,0.5578751924644507,8770,38781,47551,0.7801736152590292,0.12135000637999234,0.6854995420698443
5.5,7.75,3.75,502260,260586,0.5188269024011468,0.9679990482988342,127488,0.2538286943017561,0.6941594503012049,114186,0.22734440329709713,0.5691240607429983,8339,38991,47330,0.7726555967029028,0.12196127542685158,0.6784215346633218
5.5,7.75,4.0,502260,257956,0.513590570620794,0.9683938346074524,127569,0.25398996535658824,0.6938205990483581,116735,0.23241946402261776,0.5770505846575578,8153,39059,47212,0.7675805359773822,0.12246157836716166,0.6735814120176802
5.5,7.75,4.25,502260,256301,0.5102954645004579,0.9686267318504415,127619,0.2540895153904352,0.693603617016275,118340,0.23561502010910684,0.5818996112895048,8041,39102,47143,0.7643849798908932,0.12279381121066889,0.6705232349778999
5.5,7.75,4.5,502260,255306,0.5083144188269024,0.9686807203904334,127627,0.2541054433958507,0.6935679754283968,119327,0.23758013777724685,0.5849891474687204,7996,39109,47105,0.7624198622227532,0.12301107504445948,0.6686337753354836
5.5,7.75,4.75,502260,254724,0.5071556564329232,0.9686366420125312,127628,0.2541074343965277,0.6935625411351741,119908,0.23873690917054913,0.5869416552690396,7989,39110,47099,0.7612630908294509,0.12318230321797716,0.667488949946243
5.5,7.75,5.0,502260,254328,0.5063672201648548,0.9685996036614136,127628,0.2541074343965277,0.6935625411351741,120304,0.23952534543861745,0.5882763665381034,7986,39110,47096,0.7604746545613825,0.12330216045827268,0.6667064866802055
5.5,8.0,3.0,502260,270849,0.5392605423485844,0.9671772832833054,125706,0.25028073109544857,0.7007223203347493,105705,0.21045872655596704,0.5358686911688189,8890,37621,46511,0.789541273444033,0.11728763979775819,0.696937840958866
5.5,8.0,3.25,502260,260877,0.5194062835981365,0.9717491384828866,126696,0.2522518217656194,0.697220117446486,114687,0.22834189463624419,0.5611446807397525,7370,38361,45731,0.7716581053637558,0.11799325546413192,0.6806076534066021
5.5,8.0,3.5,502260,253689,0.50509497073229,0.9740154283394235,127232,0.25331899812845937,0.6951946051307847,121339,0.2415860311392506,0.579747649148254,6592,38781,45373,0.7584139688607494,0.11911393701056125,0.6680762951459404
5.5,8.0,3.75,502260,248728,0.4952176163739896,0.9753948087871088,127488,0.2538286943017561,0.6941594503012049,126044,0.2509536893242544,0.5920551553425788,6120,38991,45111,0.7490463106757457,0.11990718098113849,0.6592302791382949
5.5,8.0,4.0,502260,245424,0.488639350137379,0.975898852597953,127569,0.25398996535658824,0.6938205990483581,129267,0.25737068450603273,0.6007411017506401,5915,39059,44974,0.7426293154939673,0.12057598936173065,0.6530860510492573
5.5,8.0,4.25,502260,243302,0.4844144467009119,0.9762147454603743,127619,0.2540895153904352,0.693603617016275,131339,0.2614960379086529,0.6061185177289304,5787,39102,44889,0.7385039620913472,0.12102037900253693,0.6491299327041771
5.5,8.0,4.5,502260,241968,0.48175845179787363,0.976302651590293,127627,0.2541054433958507,0.6935679754283968,132665,0.26413610480627564,0.6096634379828892,5734,39109,44843,0.7358638951937244,0.12133010457392551,0.6465814518376936
5.5,8.0,4.75,502260,241163,0.48015569625293675,0.9762525760585165,127628,0.2541074343965277,0.6935625411351741,133469,0.2657368693505356,0.6119623283309232,5727,39110,44837,0.7342631306494645,0.12157834654316402,0.6449926332974953
5.5,8.0,5.0,502260,240584,0.47900290686098834,0.9762203637814652,127628,0.2541074343965277,0.6935625411351741,134048,0.266889658742484,0.6135936380997852,5721,39110,44831,0.7331103412575161,0.12175322911800811,0.6438517899096086
5.5,8.25,3.0,502260,262970,0.5235734480149723,0.9736129596531924,125706,0.25028073109544857,0.7007223203347493,113584,0.2261458208895791,0.5508874489364699,6939,37621,44560,0.7738541791104209,0.11464561742942708,0.6851351889459643
5.5,8.25,3.25,502260,251720,0.5011746903993948,0.9789726680438583,126696,0.2522518217656194,0.697220117446486,123844,0.24657348783498587,0.5768224540551016,5293,38361,43654,0.7534265121650141,0.1153598156526151,0.6665113686138653
5.5,8.25,3.5,502260,243349,0.48450802373272805,0.9817587086858791,127232,0.25331899812845937,0.6951946051307847,131679,0.2621729781388126,0.5963972994934652,4439,38781,43220,0.7378270218611874,0.11662767384188612,0.6517759726038307
5.5,8.25,3.75,502260,237408,0.47267948871102616,0.9835473109583501,127488,0.2538286943017561,0.6941594503012049,137364,0.27349181698721775,0.6095556332081186,3906,38991,42897,0.7265081830127822,0.11755952380952381,0.6411002269740771
5.5,8.25,4.0,502260,233340,0.4645800979572333,0.9842161652524214,127569,0.25398996535658824,0.6938205990483581,141351,0.2814299366861785,0.6190829919844925,3683,39059,42742,0.7185700633138216,0.11842874519615748,0.6334707123800423
5.5,8.25,4.25,502260,230662,0.4592481981443874,0.9847005575257303,127619,0.2540895153904352,0.693603617016275,143979,0.2866622864651774,0.6250147590968127,3529,39102,42631,0.7133377135348226,0.11898761028354839,0.6284593636761836
5.5,8.25,4.5,502260,228935,0.4558097399753116,0.9848646995872191,127627,0.2541054433958507,0.6935679754283968,145698,0.29008481662883767,0.6290065752446842,3465,39109,42574,0.7099151833711623,0.11940139442789753,0.625150320551109
5.5,8.25,4.75,502260,227871,0.4536913152550472,0.984824747335115,127628,0.2541074343965277,0.6935625411351741,146761,0.29220125034842515,0.6316460094984362,3458,39110,42568,0.7077987496515749,0.11974154638972262,0.6230458328355832
5.5,8.25,5.0,502260,227071,0.452098514713495,0.984806514262059,127628,0.2541074343965277,0.6935625411351741,147561,0.2937940508899773,0.6335888208944098,3450,39110,42560,0.7062059491100227,0.11998906114762094,0.6214689602994465
5.5,8.5,3.0,502260,256320,0.5103332935133198,0.9766775905118602,125706,0.25028073109544857,0.7007223203347493,120234,0.23938597539123163,0.5677345842274232,5978,37621,43599,0.7606140246087684,0.11412574013287054,0.6738083860948513
5.5,8.5,3.25,502260,243763,0.48533229801298133,0.9825527253931072,126696,0.2522518217656194,0.697220117446486,131801,0.2624158802213993,0.5944795563007867,4253,38361,42614,0.7375841197786007,0.11503027325560994,0.6527396169314698
5.5,8.5,3.5,502260,234034,0.4659618524270298,0.9856559303349086,127232,0.25331899812845937,0.6951946051307847,140994,0.2807191494445108,0.6153878888463339,3357,38781,42138,0.7192808505554892,0.11663981664479912,0.6353840640305818
5.5,8.5,3.75,502260,226971,0.45189941464580097,0.9876680280740712,127488,0.2538286943017561,0.6941594503012049,147801,0.29427189105244295,0.6296371472452825,2799,38991,41790,0.705728108947557,0.11789797973813615,0.6225241906582248
5.5,8.5,4.0,502260,221967,0.4419364472583921,0.9884757644154312,127569,0.25398996535658824,0.6938205990483581,152724,0.3040735873850197,0.6400827636782693,2558,39059,41617,0.6959264126149803,0.11906355854618694,0.6130669374427588
5.5,8.5,4.25,502260,218693,0.43541791104208977,0.9890531475630221,127619,0.2540895153904352,0.693603617016275,155948,0.310492573567475,0.6465167876471645,2394,39102,41496,0.6895074264325249,0.11982258772436416,0.6068888623422132
5.5,8.5,4.5,502260,216498,0.43104766455620597,0.9892793466914244,127627,0.2541054433958507,0.6935679754283968,158135,0.3148468920479433,0.6509501375407089,2321,39109,41430,0.6851531079520568,0.12039229930984381,0.6026659499064229
5.5,8.5,4.75,502260,215073,0.42821048859156613,0.9892455119889526,127628,0.2541074343965277,0.6935625411351741,159559,0.3176820770119062,0.6540151291998572,2313,39110,41423,0.6823179229880938,0.12087213051610587,0.5998447019471986
5.5,8.5,5.0,502260,213994,0.4260621988611476,0.989233342990925,127628,0.2541074343965277,0.6935625411351741,160638,0.3198303667423247,0.6562830712533771,2304,39110,41414,0.6801696332576753,0.12122755560239094,0.5977143312228727
5.5,8.75,3.0,502260,248326,0.4944172341018596,0.9791483775359809,125706,0.25028073109544857,0.7007223203347493,128228,0.2553020348026918,0.588444021586549,5178,37621,42799,0.7446979651973081,0.11442603841382555,0.6594851272249433
5.5,8.75,3.25,502260,234245,0.4663819535698642,0.9854425921577835,126696,0.2522518217656194,0.697220117446486,141319,0.2813662246645164,0.6158266050566449,3410,38361,41771,0.7186337753354836,0.11572805527773238,0.6354676860590132
5.5,8.75,3.5,502260,222953,0.44389957392585516,0.9888810646190004,127232,0.25331899812845937,0.6951946051307847,152075,0.3027814279456855,0.6376393227026138,2479,38781,41260,0.6972185720543145,0.11782343618373145,0.6150698841237606
5.5,8.75,3.75,502260,214410,0.42689045514275475,0.9911524649036892,127488,0.2538286943017561,0.6941594503012049,160362,0.3192808505554892,0.6530225365111435,1897,38991,40888,0.6807191494445108,0.11959122311332619,0.5993111137657787
5.5,8.75,4.0,502260,208192,0.4145104129335404,0.9921082462342453,127569,0.25398996535658824,0.6938205990483581,166499,0.3314996217098714,0.6643643505366399,1643,39059,40702,0.6685003782901286,0.1212231319301527,0.5874626687373073
5.5,8.75,4.25,502260,204070,0.40630350814319277,0.9927965894055961,127619,0.2540895153904352,0.693603617016275,170571,0.339606976466372,0.6714036969942135,1470,39102,40572,0.660393023533628,0.12231940160813291,0.579614144068809
5.5,8.75,4.5,502260,201231,0.40065105722135946,0.9930676685003802,127627,0.2541054433958507,0.6935679754283968,173402,0.3452434993827898,0.6763416800267587,1395,39109,40504,0.6547565006172102,0.12316562163608609,0.5741130091984231
5.5,8.75,4.75,502260,199249,0.3967048938796639,0.9930388609227649,127628,0.2541074343965277,0.6935625411351741,175383,0.3491876717238084,0.679951876749742,1387,39110,40497,0.6508123282761916,0.12389063776282822,0.5701827738621431
5.5,8.75,5.0,502260,197723,0.3936666268466531,0.9930357115762961,127628,0.2541074343965277,0.6935625411351741,176909,0.3522259387568192,0.6826560548078391,1377,39110,40487,0.6477740612431808,0.12444098834796881,0.5671644168359017
5.5,9.0,3.0,502260,243214,0.48423923864134116,0.9802766288124861,125706,0.25028073109544857,0.7007223203347493,133340,0.26548003026321026,0.6013649317534123,4797,37621,42418,0.7345199697367897,0.11497885720481406,0.6500657030223391
5.5,9.0,3.25,502260,228249,0.4544439135109306,0.9868827464742452,126696,0.2522518217656194,0.697220117446486,147315,0.29330426472345,0.6286393103214201,2994,38361,41355,0.7066957352765499,0.11651100874783417,0.6243579022816867
5.5,9.0,3.5,502260,216004,0.43006411022179747,0.9905325827299495,127232,0.25331899812845937,0.6951946051307847,159024,0.31661689164974316,0.6507445417043968,2045,38781,40826,0.6833831083502568,0.11894439977158573,0.6020985147134951
5.5,9.0,3.75,502260,206627,0.41139449687412893,0.9929825240651028,127488,0.2538286943017561,0.6941594503012049,168145,0.334776808824115,0.6664248119182848,1450,38991,40441,0.665223191175885,0.12103916316238421,0.5847051327997452
5.5,9.0,4.0,502260,199668,0.39753912316330187,0.9940501232045195,127569,0.25398996535658824,0.6938205990483581,175023,0.3484709114801099,0.6781108768561847,1188,39059,40247,0.6515290885198901,0.12299037089326696,0.5713972842750766
5.5,9.0,4.25,502260,194928,0.3881017799546052,0.9948237297874087,127619,0.2540895153904352,0.693603617016275,179713,0.35780870465495956,0.6855541891794138,1009,39102,40111,0.6421912953450404,0.12435707044244715,0.5623302671922908
5.5,9.0,4.5,502260,191635,0.381545414725441,0.9951470242909698,127627,0.2541054433958507,0.6935679754283968,182998,0.36434914187870826,0.6907725767494727,930,39109,40039,0.6356508581212917,0.12541110435942893,0.5559331820172819
5.5,9.0,4.75,502260,189304,0.37690439214749333,0.9951348096183916,127628,0.2541074343965277,0.6935625411351741,185328,0.36898817345597895,0.6946117154450487,921,39110,40031,0.631011826544021,0.12630785152651042,0.5513100784454268
5.5,9.0,5.0,502260,187416,0.37314538286943016,0.9951391556750757,127628,0.2541074343965277,0.6935625411351741,187216,0.3727471827340421,0.6976380223912486,911,39110,40021,0.6272528172659578,0.12703304935183657,0.5475709791741329
5.75,7.0,3.0,502260,305627,0.6085035638912117,0.9341975676232793,139592,0.2779277664954406,0.6922101553097598,57041,0.11356866961334768,0.48636945355095457,20111,42965,63076,0.8864313303866523,0.14167409746664,0.7608469716879704
5.75,7.0,3.25,502260,300116,0.5975311591605941,0.9366078449666129,141094,0.28091824951220484,0.6875062015393992,61050,0.12155059132720106,0.5084684684684685,19025,44091,63116,0.878449408672799,0.1430520613766687,0.7527854099470392
5.75,7.0,3.5,502260,296551,0.5904332417473022,0.9375689173194492,141903,0.2825289690598495,0.684707159115734,63806,0.12703778919284833,0.5241826787449456,18514,44741,63255,0.8729622108071516,0.14426826987551716,0.7470214629872973
5.75,7.0,3.75,502260,294302,0.5859554812248636,0.9380772132027645,142335,0.2833890813522877,0.6831699862999262,65623,0.1306554374228487,0.5341115157795285,18224,45096,63320,0.8693445625771513,0.1450174859207992,0.7432743997132959
5.75,7.0,4.0,502260,292985,0.5833333333333334,0.9382323327132789,142507,0.2837315334687214,0.6825208586244886,66768,0.13293513319794528,0.5405733285406182,18097,45243,63340,0.8670648668020547,0.1454446924398152,0.7409548839246606
5.75,7.0,4.25,502260,292174,0.5817186317843348,0.9382936195554704,142614,0.28394457054115396,0.6820929221535053,67472,0.1343367976745112,0.5445369931230732,18029,45338,63367,0.8656632023254888,0.14574229279556933,0.7394994624298172
5.75,7.0,4.5,502260,291743,0.5808605104925736,0.9382915785468717,142646,0.2840082825628161,0.6819679486280723,67871,0.13513120694461037,0.5468904244817374,18003,45366,63369,0.8648687930553897,0.14588076585733065,0.7387010711583641
5.75,7.0,4.75,502260,291527,0.5804304543463544,0.9382527175870503,142654,0.28402421056823157,0.6819297040391437,68079,0.13554533508541394,0.5482454207611746,18001,45374,63375,0.8644546649145861,0.14596447103857607,0.738274997013499
5.75,7.0,5.0,502260,291407,0.5801915342651216,0.9382307219799113,142656,0.28402819256958545,0.6819201435621355,68197,0.13578027316529287,0.5490124199011687,18000,45376,63376,0.8642197268347072,0.14600645528414077,0.738038067932943
5.75,7.25,3.0,502260,294700,0.5867478994942859,0.9458534102477095,139592,0.2779277664954406,0.6922101553097598,67968,0.13532433401027355,0.5078272128060264,15957,42965,58922,0.8646756659897264,0.13567369419653136,0.7473619241030542
5.75,7.25,3.25,502260,288126,0.5736590610440807,0.948744646439405,141094,0.28091824951220484,0.6875062015393992,73040,0.14542268944371442,0.5308734939759037,14768,44091,58859,0.8545773105562856,0.13713014305018406,0.7373890017122605
5.75,7.25,3.5,502260,283683,0.5648130450364353,0.9500428294963039,141903,0.2825289690598495,0.684707159115734,76674,0.1526579859037152,0.5474085087513368,14172,44741,58913,0.8473420140962848,0.13842795580681697,0.730046191215705
5.75,7.25,3.75,502260,280847,0.5591665671166328,0.9507525449800069,142335,0.2833890813522877,0.6831699862999262,79078,0.15744435153107952,0.5578289789827765,13831,45096,58927,0.8425556484689205,0.13924741600540666,0.7252319515788636
5.75,7.25,4.0,502260,279098,0.5556843069326644,0.9509957076009143,142507,0.2837315334687214,0.6825208586244886,80655,0.16058415959861427,0.5648750852396007,13677,45243,58920,0.8394158404013857,0.13975166328672572,0.7221060805160673
5.75,7.25,4.25,502260,278029,0.5535559272090153,0.9511022231493838,142614,0.28394457054115396,0.6820929221535053,81617,0.16249950224983076,0.5691461337711506,13595,45338,58933,0.8375004977501692,0.1401021769053568,0.7201648548560506
5.75,7.25,4.5,502260,277413,0.5523294707920201,0.9511198105351948,142646,0.2840082825628161,0.6819679486280723,82201,0.16366224664516385,0.5718300263987056,13560,45366,58926,0.8363377533548362,0.1402802939587058,0.7190160474654561
5.75,7.25,4.75,502260,277080,0.551666467566599,0.9510718925941967,142654,0.28402421056823157,0.6819297040391437,82526,0.16430932186516944,0.5734798730097181,13557,45374,58931,0.8356906781348306,0.140400825284585,0.718359017242066
5.75,7.25,5.0,502260,276882,0.5512722494325648,0.9510477387479143,142656,0.28402819256958545,0.6819201435621355,82722,0.16469955799784972,0.5744541959817219,13554,45376,58930,0.8353004420021503,0.14046403424719572,0.7179707721100625
5.75,7.5,3.0,502260,286958,0.5713335722534145,0.9541744784951108,139592,0.2779277664954406,0.6922101553097598,75710,0.15073866125114482,0.5210804385153877,13150,42965,56115,0.8492613387488551,0.13155550345797679,0.7375363357623541
5.75,7.5,3.25,502260,279529,0.5565424282244256,0.9575929509997174,141094,0.28091824951220484,0.6875062015393992,81637,0.16253932226336956,0.5445815010350699,11854,44091,55945,0.8374606777366305,0.13300509006877892,0.7260741448652093
5.75,7.5,3.5,502260,274413,0.5463564687611994,0.959174674669203,141903,0.2825289690598495,0.684707159115734,85944,0.17111456217895113,0.5616796984082658,11203,44741,55944,0.8288854378210488,0.13437869310811978,0.7175008959503046
5.75,7.5,3.75,502260,271089,0.5397383825110501,0.9600647757747456,142335,0.2833890813522877,0.6831699862999262,88836,0.1768725361366623,0.5725719302985276,10826,45096,55922,0.8231274638633377,0.13526549015054762,0.7117867240074862
5.75,7.5,4.0,502260,268964,0.535507506072552,0.9603775970018292,142507,0.2837315334687214,0.6825208586244886,90789,0.18076096045872656,0.5801804183326174,10657,45243,55900,0.8192390395412734,0.13585404560710232,0.7079421017003146
5.75,7.5,4.25,502260,267651,0.5328933221837295,0.9605493721301247,142614,0.28394457054115396,0.6820929221535053,91995,0.18316210727511648,0.584749171150606,10559,45338,55897,0.8168378927248835,0.1362460848475985,0.7055469278859554
5.75,7.5,4.5,502260,266877,0.5313522876597778,0.96058109166395,142646,0.2840082825628161,0.6819679486280723,92737,0.18463942977740613,0.5876942320756549,10520,45366,55886,0.8153605702225939,0.13646608371202595,0.7040915063911122
5.75,7.5,4.75,502260,266434,0.5304702743598932,0.9605305629161444,142654,0.28402421056823157,0.6819297040391437,93172,0.18550551507187513,0.5895762675481905,10516,45374,55890,0.8144944849281249,0.13662097152690864,0.7032174570939353
5.75,7.5,5.0,502260,266160,0.5299247401744117,0.9605012022843402,142656,0.28402819256958545,0.6819201435621355,93444,0.18604706725600287,0.5907388382346647,10513,45376,55889,0.8139529327439972,0.13670942428867755,0.7026778959104847
5.75,7.75,3.0,502260,279215,0.5559172540118663,0.9609977973962717,139592,0.2779277664954406,0.6922101553097598,83453,0.16615497949269303,0.5384348076162631,10890,42965,53855,0.833845020507307,0.12859145143228265,0.7266196790506908
5.75,7.75,3.25,502260,270658,0.5388802612192888,0.96493730094806,141094,0.28091824951220484,0.6875062015393992,90508,0.18020148926850635,0.5630993945286604,9490,44091,53581,0.8197985107314937,0.13012930113272067,0.7131187034603591
5.75,7.75,3.5,502260,264618,0.5268546171305698,0.9668578857069436,141903,0.2825289690598495,0.684707159115734,95739,0.1906164138095807,0.5811111459279917,8770,44741,53511,0.8093835861904193,0.13163157622853433,0.7028431489666707
5.75,7.75,3.75,502260,260586,0.5188269024011468,0.9679990482988342,142335,0.2833890813522877,0.6831699862999262,99339,0.19778401624656552,0.5927279316280615,8339,45096,53435,0.8022159837534345,0.13261904939181626,0.6958268625811332
5.75,7.75,4.0,502260,257956,0.513590570620794,0.9683938346074524,142507,0.2837315334687214,0.6825208586244886,101797,0.2026778959104846,0.6009803825260076,8153,45243,53396,0.7973221040895154,0.13333566396895594,0.6910106319436149
5.75,7.75,4.25,502260,256301,0.5102954645004579,0.9686267318504415,142614,0.28394457054115396,0.6820929221535053,103345,0.20575996495838808,0.605989646330253,8041,45338,53379,0.7942400350416119,0.13381046087512377,0.6879624099072194
5.75,7.75,4.5,502260,255306,0.5083144188269024,0.9686807203904334,142646,0.2840082825628161,0.6819679486280723,104308,0.20767729861028153,0.6092341910495839,7996,45366,53362,0.7923227013897185,0.13409154872949502,0.6860789232668338
5.75,7.75,4.75,502260,254724,0.5071556564329232,0.9686366420125312,142654,0.28402421056823157,0.6819297040391437,104882,0.20882013299884522,0.6113060391678267,7989,45374,53363,0.7911798670011548,0.1342877562421674,0.6849340978775933
5.75,7.75,5.0,502260,254328,0.5063672201648548,0.9685996036614136,142656,0.28402819256958545,0.6819201435621355,105276,0.20960458726555967,0.6127322466659068,7986,45376,53362,0.7903954127344404,0.13441851560768192,0.6841516346115557
5.75,8.0,3.0,502260,270849,0.5392605423485844,0.9671772832833054,139592,0.2779277664954406,0.6922101553097598,91819,0.18281169115597498,0.5587078927019462,8890,42965,51855,0.817188308844025,0.12633971752334683,0.7139449687412894
5.75,8.0,3.25,502260,260877,0.5194062835981365,0.9717491384828866,141094,0.28091824951220484,0.6875062015393992,100289,0.19967546688965873,0.584570590992033,7370,44091,51461,0.8003245331103412,0.128021673205281,0.6978656472743201
5.75,8.0,3.5,502260,253689,0.50509497073229,0.9740154283394235,141903,0.2825289690598495,0.684707159115734,106668,0.21237606020786048,0.6036112048599392,6592,44741,51333,0.7876239397921395,0.1297624825577868,0.6854199020427667
5.75,8.0,3.75,502260,248728,0.4952176163739896,0.9753948087871088,142335,0.2833890813522877,0.6831699862999262,111197,0.22139330227372278,0.6162036745595655,6120,45096,51216,0.7786066977262772,0.13096611031982058,0.6766356070561065
5.75,8.0,4.0,502260,245424,0.488639350137379,0.975898852597953,142507,0.2837315334687214,0.6825208586244886,114329,0.22762911639389957,0.6251432270027727,5915,45243,51158,0.7723708836061004,0.131873967277686,0.6705152709751921
5.75,8.0,4.25,502260,243302,0.4844144467009119,0.9762147454603743,142614,0.28394457054115396,0.6820929221535053,116344,0.23164098275793413,0.6306384514886887,5787,45338,51125,0.7683590172420659,0.13247701572362897,0.6665691076334965
5.75,8.0,4.5,502260,241968,0.48175845179787363,0.976302651590293,142646,0.2840082825628161,0.6819679486280723,117646,0.23423326563931032,0.6343097087873791,5734,45366,51100,0.7657667343606896,0.13286047829772188,0.664026599769044
5.75,8.0,4.75,502260,241163,0.48015569625293675,0.9762525760585165,142654,0.28402421056823157,0.6819297040391437,118443,0.23582009317883168,0.636711329500266,5727,45374,51101,0.7641799068211683,0.13313896987366375,0.6624377812288456
5.75,8.0,5.0,502260,240584,0.47900290686098834,0.9762203637814652,142656,0.28402819256958545,0.6819201435621355,119020,0.23696890056942618,0.6384221139304319,5721,45376,51097,0.7630310994305738,0.13332898444838742,0.6612969378409589
5.75,8.25,3.0,502260,262970,0.5235734480149723,0.9736129596531924,139592,0.2779277664954406,0.6922101553097598,99698,0.19849878548958708,0.5740135208329155,6939,42965,49904,0.8015012145104129,0.12396599778419225,0.7021423167283877
5.75,8.25,3.25,502260,251720,0.5011746903993948,0.9789726680438583,141094,0.28091824951220484,0.6875062015393992,109446,0.21790706008840044,0.6003508579573489,5293,44091,49384,0.7820929399115996,0.125718533453492,0.6837693624815833
5.75,8.25,3.5,502260,243349,0.48450802373272805,0.9817587086858791,141903,0.2825289690598495,0.684707159115734,117008,0.23296300720742244,0.6202396417338986,4439,44741,49180,0.7670369927925775,0.12765670262581374,0.669119579500657
5.75,8.25,3.75,502260,237408,0.47267948871102616,0.9835473109583501,142335,0.2833890813522877,0.6831699862999262,122517,0.24393142993668618,0.6335937053633374,3906,45096,49002,0.7560685700633138,0.12903990330302337,0.6585055548918887
5.75,8.25,4.0,502260,233340,0.4645800979572333,0.9842161652524214,142507,0.2837315334687214,0.6825208586244886,126413,0.2516883685740453,0.6433199117179405,3683,45243,48926,0.7483116314259547,0.13017531069823626,0.650899932305977
5.75,8.25,4.25,502260,230662,0.4592481981443874,0.9847005575257303,142614,0.28394457054115396,0.6820929221535053,128984,0.25680723131445865,0.6493285988959872,3529,45338,48867,0.7431927686855414,0.13091385462767496,0.6458985386055031
5.75,8.25,4.5,502260,228935,0.4558097399753116,0.9848646995872191,142646,0.2840082825628161,0.6819679486280723,130679,0.2601819774618723,0.653417917186388,3465,45366,48831,0.7398180225381277,0.13141414657907696,0.6425954684824593
5.75,8.25,4.75,502260,227871,0.4536913152550472,0.984824747335115,142654,0.28402421056823157,0.6819297040391437,131735,0.26228447417672124,0.6561430143849395,3458,45374,48832,0.7377155258232788,0.13179137710006072,0.6404909807669334
5.75,8.25,5.0,502260,227071,0.452098514713495,0.984806514262059,142656,0.28402819256958545,0.6819201435621355,132533,0.2638732927169195,0.658153063765251,3450,45376,48826,0.7361267072830805,0.1320596007324323,0.6389141082307968
5.75,8.5,3.0,502260,256320,0.5103332935133198,0.9766775905118602,139592,0.2779277664954406,0.6922101553097598,106348,0.2117389399912396,0.5916143227893331,5978,42965,48943,0.7882610600087604,0.1236209056558023,0.6908155138772747
5.75,8.5,3.25,502260,243763,0.48533229801298133,0.9825527253931072,141094,0.28091824951220484,0.6875062015393992,117403,0.23374945247481385,0.618578741599448,4253,44091,48344,0.7662505475251862,0.12561548835021838,0.6699976107991877
5.75,8.5,3.5,502260,234034,0.4659618524270298,0.9856559303349086,141903,0.2825289690598495,0.684707159115734,126323,0.2515091785131207,0.6396776517340469,3357,44741,48098,0.7484908214868793,0.12794164979770548,0.6527276709274081
5.75,8.5,3.75,502260,226971,0.45189941464580097,0.9876680280740712,142335,0.2833890813522877,0.6831699862999262,132954,0.26471150400191135,0.6540307173909773,2799,45096,47895,0.7352884959980887,0.12968920082533184,0.6399295185760363
5.75,8.5,4.0,502260,221967,0.4419364472583921,0.9884757644154312,142507,0.2837315334687214,0.6825208586244886,137786,0.27433201927288653,0.6645958225073665,2558,45243,47801,0.7256679807271135,0.13115064449041633,0.6304961573686936
5.75,8.5,4.25,502260,218693,0.43541791104208977,0.9890531475630221,142614,0.28394457054115396,0.6820929221535053,140953,0.28063751841675627,0.6710534717246174,2394,45338,47732,0.7193624815832438,0.13210925888510325,0.6243280372715326
5.75,8.5,4.5,502260,216498,0.43104766455620597,0.9892793466914244,142646,0.2840082825628161,0.6819679486280723,143116,0.28494405288097796,0.6755429162357808,2321,45366,47687,0.715055947119022,0.13277960929320828,0.6201110978377733
5.75,8.5,4.75,502260,215073,0.42821048859156613,0.9892455119889526,142654,0.28402421056823157,0.6819297040391437,144533,0.2877653008402023,0.6786685393647126,2313,45374,47687,0.7122346991597978,0.13330556541720362,0.617289849878549
5.75,8.5,5.0,502260,213994,0.4260621988611476,0.989233342990925,142656,0.28402819256958545,0.6819201435621355,145610,0.2899096085692669,0.6809834489389465,2304,45376,47680,0.710090391430733,0.13368849011636058,0.615159479154223
5.75,8.75,3.0,502260,248326,0.4944172341018596,0.9791483775359809,139592,0.2779277664954406,0.6922101553097598,114342,0.2276549994026998,0.6131692641374124,5178,42965,48143,0.7723450005973002,0.12410612552137307,0.6764922550073668
5.75,8.75,3.25,502260,234245,0.4663819535698642,0.9854425921577835,141094,0.28091824951220484,0.6875062015393992,126921,0.25269979691793093,0.6405401785362549,3410,44091,47501,0.747300203082069,0.12655492767871176,0.6527256799267311
5.75,8.75,3.5,502260,222953,0.44389957392585516,0.9888810646190004,141903,0.2825289690598495,0.684707159115734,137404,0.27357145701429536,0.6623460743500917,2479,44741,47220,0.7264285429857046,0.12942092222685114,0.632413491020587
5.75,8.75,3.75,502260,214410,0.42689045514275475,0.9911524649036892,142335,0.2833890813522877,0.6831699862999262,145515,0.2897204635049576,0.677696457409889,1897,45096,46993,0.7102795364950424,0.13172714403845884,0.6167164416835902
5.75,8.75,4.0,502260,208192,0.4145104129335404,0.9921082462342453,142507,0.2837315334687214,0.6825208586244886,151561,0.3017580535977382,0.6890426956802872,1643,45243,46886,0.6982419464022618,0.13369299598801251,0.6048918886632422
5.75,8.75,4.25,502260,204070,0.40630350814319277,0.9927965894055961,142614,0.28394457054115396,0.6820929221535053,155576,0.30975192131565327,0.696032807116779,1470,45338,46808,0.6902480786843468,0.13501632610677158,0.5970533189981284
5.75,8.75,4.5,502260,201231,0.40065105722135946,0.9930676685003802,142646,0.2840082825628161,0.6819679486280723,158383,0.31534066021582446,0.70097169519456,1395,45366,46761,0.6846593397841755,0.13598176092032907,0.5915581571297734
5.75,8.75,4.75,502260,199249,0.3967048938796639,0.9930388609227649,142654,0.28402421056823157,0.6819297040391437,160357,0.3192708955521045,0.7046028548800489,1387,45374,46761,0.6807291044478955,0.13676686077630204,0.5876279217934934
5.75,8.75,5.0,502260,197723,0.3936666268466531,0.9930357115762961,142656,0.28402819256958545,0.6819201435621355,161881,0.3223051805837614,0.7073220452060465,1377,45376,46753,0.6776948194162385,0.13735571230892624,0.584609564767252
5.75,9.0,3.0,502260,243214,0.48423923864134116,0.9802766288124861,139592,0.2779277664954406,0.6922101553097598,119454,0.23783299486321827,0.6265340633214459,4797,42965,47762,0.7621670051367817,0.12476815932874616,0.6670728308047625
5.75,9.0,3.25,502260,228249,0.4544439135109306,0.9868827464742452,141094,0.28091824951220484,0.6875062015393992,132917,0.26463783697686455,0.6536259470195686,2994,44091,47085,0.7353621630231354,0.12748312544166263,0.6416158961494047
5.75,9.0,3.5,502260,216004,0.43006411022179747,0.9905325827299495,141903,0.2825289690598495,0.684707159115734,144353,0.28740692071835305,0.6755938567262197,2045,44741,46786,0.712593079281647,0.13072110911493767,0.6194421216103214
5.75,9.0,3.75,502260,206627,0.41139449687412893,0.9929825240651028,142335,0.2833890813522877,0.6831699862999262,153298,0.3052164217735834,0.6911440462367415,1450,45096,46546,0.6947835782264166,0.1333841507098194,0.6021104607175567
5.75,9.0,4.0,502260,199668,0.39753912316330187,0.9940501232045195,142507,0.2837315334687214,0.6825208586244886,160085,0.31872934336797676,0.7027579098603867,1188,45243,46431,0.6812706566320232,0.13569372397165194,0.5888265042010115
5.75,9.0,4.25,502260,194928,0.3881017799546052,0.9948237297874087,142614,0.28394457054115396,0.6820929221535053,164718,0.32795364950424083,0.710104542308673,1009,45338,46347,0.6720463504957591,0.13730735730664628,0.5797694421216103
5.75,9.0,4.5,502260,191635,0.381545414725441,0.9951470242909698,142646,0.2840082825628161,0.6819679486280723,167979,0.3344463027117429,0.7152858393013413,930,45366,46296,0.6655536972882571,0.13849426081649868,0.5733783299486321
5.75,9.0,4.75,502260,189304,0.37690439214749333,0.9951348096183916,142654,0.28402421056823157,0.6819297040391437,170302,0.3390713972842751,0.7191166281077145,921,45374,46295,0.660928602715725,0.13946041366678918,0.568755226376777
5.75,9.0,5.0,502260,187416,0.37314538286943016,0.9951391556750757,142656,0.28402819256958545,0.6819201435621355,172188,0.34282642456098433,0.722135108137617,911,45376,46287,0.6571735754390157,0.14023304006398604,0.5650161271054832
6.0,7.0,3.0,502260,305627,0.6085035638912117,0.9341975676232793,150605,0.2998546569505834,0.6870356229872846,46028,0.09164177915820491,0.5121665073433562,20111,47134,67245,0.9083582208417951,0.14739211629171123,0.7744733803209494
6.0,7.0,3.25,502260,300116,0.5975311591605941,0.9366078449666129,152615,0.3038565683112332,0.6812436523277529,49529,0.09861227252817266,0.5347574148478669,19025,48647,67672,0.9013877274718274,0.14947507460279946,0.766652729661928
6.0,7.0,3.5,502260,296551,0.5904332417473022,0.9375689173194492,153725,0.3060665790626369,0.677768742885022,51984,0.10350017919006092,0.5511695906432749,18514,49535,68049,0.8964998208099391,0.15112730858406845,0.7610142157448334
6.0,7.0,3.75,502260,294302,0.5859554812248636,0.9380772132027645,154364,0.30733882849520167,0.6756627192868804,53594,0.10670569027993469,0.5612568571108706,18224,50066,68290,0.8932943097200653,0.15220676405165534,0.757328873491817
6.0,7.0,4.0,502260,292985,0.5833333333333334,0.9382323327132789,154634,0.30787639867797556,0.6747093136050286,54641,0.10879026798869111,0.5679800882121484,18097,50301,68398,0.8912097320113089,0.15280405880894243,0.755029267709951
6.0,7.0,4.25,502260,292174,0.5817186317843348,0.9382936195554704,154802,0.3082108867917015,0.6741127375615302,55284,0.11007048142396368,0.5721546921351567,18029,50448,68477,0.8899295185760363,0.15320061927262313,0.7535917652212002
6.0,7.0,4.5,502260,291743,0.5808605104925736,0.9382915785468717,154862,0.3083303468323179,0.6738967596957292,55655,0.11080914267510851,0.5746653490252448,18003,50501,68504,0.8891908573248914,0.15338834092766537,0.752799346951778
6.0,7.0,4.75,502260,291527,0.5804304543463544,0.9382527175870503,154878,0.30836220284314897,0.6738271413628791,55855,0.11120734281049656,0.5761525378211441,18001,50517,68518,0.8887926571895034,0.15348842418879716,0.7523732728069127
6.0,7.0,5.0,502260,291407,0.5801915342651216,0.9382307219799113,154883,0.30837215784653366,0.6738053885836406,55970,0.11143630788834469,0.5770055386814364,18000,50522,68522,0.8885636921116553,0.15353693786551345,0.7521363437263568
6.0,7.25,3.0,502260,294700,0.5867478994942859,0.9458534102477095,150605,0.2998546569505834,0.6870356229872846,56955,0.1133974435551308,0.5328241594241068,15957,47134,63091,0.8866025564448692,0.1416804212842883,0.7609883327360332
6.0,7.25,3.25,502260,288126,0.5736590610440807,0.948744646439405,152615,0.3038565683112332,0.6812436523277529,61519,0.12248437064468602,0.5562346592109755,14768,48647,63415,0.877515629355314,0.14388268847236813,0.7512563214271493
6.0,7.25,3.5,502260,283683,0.5648130450364353,0.9500428294963039,153725,0.3060665790626369,0.677768742885022,64852,0.12912037590092781,0.5732745327823352,14172,49535,63707,0.8708796240990722,0.1456466274050772,0.7440389439732409
6.0,7.25,3.75,502260,280847,0.5591665671166328,0.9507525449800069,154364,0.30733882849520167,0.6756627192868804,67049,0.1334946043881655,0.5837820101716655,13831,50066,63897,0.8665053956118345,0.14681843979127365,0.7392864253573846
6.0,7.25,4.0,502260,279098,0.5556843069326644,0.9509957076009143,154634,0.30787639867797556,0.6747093136050286,68528,0.1364392943893601,0.5910284847069811,13677,50301,63978,0.8635607056106399,0.14750583309509097,0.7361804643013578
6.0,7.25,4.25,502260,278029,0.5535559272090153,0.9511022231493838,154802,0.3082108867917015,0.6741127375615302,69429,0.13823318599928325,0.5954572296878826,13595,50448,64043,0.8617668140007168,0.14796306179548138,0.7342571576474336
6.0,7.25,4.5,502260,277413,0.5523294707920201,0.9511198105351948,154862,0.3083303468323179,0.6738967596957292,69985,0.139340182375662,0.5982710580838752,13560,50501,64061,0.860659817624338,0.14819501474755653,0.7331143232588699
6.0,7.25,4.75,502260,277080,0.551666467566599,0.9510718925941967,154878,0.30836220284314897,0.6738271413628791,70302,0.13997132959025205,0.6000398281698955,13557,50517,64074,0.860028670409748,0.1483338657925076,0.7324572930354797
6.0,7.25,5.0,502260,276882,0.5512722494325648,0.9510477387479143,154883,0.30837215784653366,0.6738053885836406,70495,0.14035559272090153,0.6010922760479467,13554,50522,64076,0.8596444072790985,0.14840480353896215,0.7320690479034763
6.0,7.5,3.0,502260,286958,0.5713335722534145,0.9541744784951108,150605,0.2998546569505834,0.6870356229872846,64697,0.12881177079600206,0.5453421333292116,13150,47134,60284,0.871188229203998,0.13777216080884352,0.751162744395333
6.0,7.5,3.25,502260,279529,0.5565424282244256,0.9575929509997174,152615,0.3038565683112332,0.6812436523277529,70116,0.13960100346434118,0.5690855154315705,11854,48647,60501,0.8603989965356589,0.14000194379651226,0.739941464580098
6.0,7.5,3.5,502260,274413,0.5463564687611994,0.959174674669203,153725,0.3060665790626369,0.677768742885022,74122,0.14757695217616373,0.5865869782250883,11203,49535,60738,0.8524230478238363,0.14186547328197918,0.7314936487078405
6.0,7.5,3.75,502260,271089,0.5397383825110501,0.9600647757747456,154364,0.30733882849520167,0.6756627192868804,76807,0.15292278899374825,0.5975366828544273,10826,50066,60892,0.8470772110062518,0.14312274211252476,0.7258411977860073
6.0,7.5,4.0,502260,268964,0.535507506072552,0.9603775970018292,154634,0.30787639867797556,0.6747093136050286,78662,0.1566160952494724,0.6053240446467163,10657,50301,60958,0.8433839047505276,0.14390530644620608,0.722016485485605
6.0,7.5,4.25,502260,267651,0.5328933221837295,0.9605493721301247,154802,0.3082108867917015,0.6741127375615302,79807,0.15889579102456894,0.6100216772964777,10559,50448,61007,0.841104208975431,0.14441133096462802,0.7196392306773384
6.0,7.5,4.5,502260,266877,0.5313522876597778,0.96058109166395,154862,0.3083303468323179,0.6738967596957292,80521,0.16031736550790426,0.613082301511407,10520,50501,61021,0.8396826344920957,0.14468901382134447,0.7181897821845259
6.0,7.5,4.75,502260,266434,0.5304702743598932,0.9605305629161444,154878,0.30836220284314897,0.6738271413628791,80948,0.16116752279695776,0.615073874586154,10516,50517,61033,0.8388324772030422,0.1448641386905666,0.7173157328873492
6.0,7.5,5.0,502260,266160,0.5299247401744117,0.9605012022843402,154883,0.30837215784653366,0.6738053885836406,81217,0.1617031019790547,0.6163118558922394,10513,50522,61035,0.8382968980209453,0.1449614409929627,0.7167761717038984
6.0,7.75,3.0,502260,279215,0.5559172540118663,0.9609977973962717,150605,0.2998546569505834,0.6870356229872846,72440,0.14422808903755027,0.5627415792379901,10890,47134,58024,0.8557719109624498,0.13499604485598624,0.7402460876836697
6.0,7.75,3.25,502260,270658,0.5388802612192888,0.96493730094806,152615,0.3038565683112332,0.6812436523277529,78987,0.15726317046947796,0.5875523820375504,9490,48647,58137,0.8427368295305221,0.13735107129441282,0.7269860231752479
6.0,7.75,3.5,502260,264618,0.5268546171305698,0.9668578857069436,153725,0.3060665790626369,0.677768742885022,83917,0.1670788038067933,0.6058486361523887,8770,49535,58305,0.8329211961932067,0.1393712814604284,0.7168359017242065
6.0,7.75,3.75,502260,260586,0.5188269024011468,0.9679990482988342,154364,0.30733882849520167,0.6756627192868804,87310,0.1738342691036515,0.6174664986828542,8339,50066,58405,0.8261657308963485,0.14075189781901434,0.7098813363596543
6.0,7.75,4.0,502260,257956,0.513590570620794,0.9683938346074524,154634,0.30787639867797556,0.6747093136050286,89670,0.17853303070123044,0.6258503401360545,8153,50301,58454,0.8214669692987696,0.14167575559271917,0.7050850157289054
6.0,7.75,4.25,502260,256301,0.5102954645004579,0.9686267318504415,154802,0.3082108867917015,0.6741127375615302,91157,0.18149364870784057,0.6309553846660158,8041,50448,58489,0.8185063512921594,0.14227334755523555,0.7020547126986023
6.0,7.75,4.5,502260,255306,0.5083144188269024,0.9686807203904334,154862,0.3083303468323179,0.6738967596957292,92092,0.1833552343407797,0.6342896234200582,7996,50501,58497,0.8166447656592203,0.14261717150045836,0.7001771990602477
6.0,7.75,4.75,502260,254724,0.5071556564329232,0.9686366420125312,154878,0.30836220284314897,0.6738271413628791,92658,0.18448214072392785,0.6364480131235295,7989,50517,58506,0.8155178592760721,0.14283621662003604,0.699032373671007
6.0,7.75,5.0,502260,254328,0.5063672201648548,0.9685996036614136,154883,0.30837215784653366,0.6738053885836406,93049,0.18526062198861148,0.6379434491504477,7986,50522,58508,0.8147393780113885,0.14297758369154298,0.6982499104049695
6.0,8.0,3.0,502260,270849,0.5392605423485844,0.9671772832833054,150605,0.2998546569505834,0.6870356229872846,80806,0.16088480070083225,0.5832611439744574,8890,47134,56024,0.8391151992991678,0.13293028420658007,0.7275713773742684
6.0,8.0,3.25,502260,260877,0.5194062835981365,0.9717491384828866,152615,0.3038565683112332,0.6812436523277529,88768,0.17673714809063035,0.6091158976207642,7370,48647,56017,0.8232628519093697,0.13547299584998018,0.7117329669892088
6.0,8.0,3.5,502260,253689,0.50509497073229,0.9740154283394235,153725,0.3060665790626369,0.677768742885022,94846,0.18883845020507306,0.628302722307741,6592,49535,56127,0.8111615497949269,0.13776404345456955,0.6994126548003026
6.0,8.0,3.75,502260,248728,0.4952176163739896,0.9753948087871088,154364,0.30733882849520167,0.6756627192868804,99168,0.19744355513080875,0.6408317199096483,6120,50066,56186,0.8025564448691913,0.13938753435940182,0.6906900808346275
6.0,8.0,4.0,502260,245424,0.488639350137379,0.975898852597953,154634,0.30787639867797556,0.6747093136050286,102202,0.20348425118464541,0.6498307273830257,5915,50301,56216,0.7965157488153546,0.1405196246544251,0.6845896547604826
6.0,8.0,4.25,502260,243302,0.4844144467009119,0.9762147454603743,154802,0.3082108867917015,0.6741127375615302,104156,0.20737466650738662,0.6553727101655209,5787,50448,56235,0.7926253334926134,0.14125705845708658,0.6806614104248795
6.0,8.0,4.5,502260,241968,0.48175845179787363,0.976302651590293,154862,0.3083303468323179,0.6738967596957292,105430,0.20991120136980845,0.6591008251920706,5734,50501,56235,0.7900887986301915,0.14171055615754857,0.6781248755624577
6.0,8.0,4.75,502260,241163,0.48015569625293675,0.9762525760585165,154878,0.30836220284314897,0.6738271413628791,106219,0.2114821009039143,0.6615671395889624,5727,50517,56244,0.7885178990960857,0.14201559939501213,0.6765360570222594
6.0,8.0,5.0,502260,240584,0.47900290686098834,0.9762203637814652,154883,0.30837215784653366,0.6738053885836406,106793,0.212624935292478,0.6633299935389023,5721,50522,56243,0.787375064707522,0.14221919907350045,0.6753952136343726
6.0,8.25,3.0,502260,262970,0.5235734480149723,0.9736129596531924,150605,0.2998546569505834,0.6870356229872846,88685,0.17657189503444431,0.5982860686700119,6939,47134,54073,0.8234281049655557,0.13074533035120595,0.7157687253613666
6.0,8.25,3.25,502260,251720,0.5011746903993948,0.9789726680438583,152615,0.3038565683112332,0.6812436523277529,97925,0.19496874128937203,0.624457492979321,5293,48647,53940,0.805031258710628,0.13340423163960577,0.697636682196472
6.0,8.25,3.5,502260,243349,0.48450802373272805,0.9817587086858791,153725,0.3060665790626369,0.677768742885022,105186,0.20942539720463504,0.6443728252809309,4439,49535,53974,0.790574602795365,0.1359293229977284,0.6831123322581929
6.0,8.25,3.75,502260,237408,0.47267948871102616,0.9835473109583501,154364,0.30733882849520167,0.6756627192868804,110488,0.21998168279377214,0.6575917746723626,3906,50066,53972,0.7800183172062278,0.13776380139468875,0.6725600286704096
6.0,8.25,4.0,502260,233340,0.4645800979572333,0.9842161652524214,154634,0.30787639867797556,0.6747093136050286,114286,0.22754350336479115,0.6673258316854208,3683,50301,53984,0.7724564966352089,0.1391433446571162,0.6649743160912674
6.0,8.25,4.25,502260,230662,0.4592481981443874,0.9847005575257303,154802,0.3082108867917015,0.6741127375615302,116796,0.2325409150639111,0.6733364156306723,3529,50448,53977,0.7674590849360888,0.14003123508291307,0.659990841396886
6.0,8.25,4.5,502260,228935,0.4558097399753116,0.9848646995872191,154862,0.3083303468323179,0.6738967596957292,118463,0.23585991319237049,0.6774520314359758,3465,50501,53966,0.7641400868076295,0.14061079164245682,0.6566937442758731
6.0,8.25,4.75,502260,227871,0.4536913152550472,0.984824747335115,154878,0.30836220284314897,0.6738271413628791,119511,0.23794648190180384,0.680221904259859,3458,50517,53975,0.7620535180981961,0.14101931030518694,0.6545892565603473
6.0,8.25,5.0,502260,227071,0.452098514713495,0.984806514262059,154883,0.30837215784653366,0.6738053885836406,120306,0.23952932743997132,0.6822685485345702,3450,50522,53972,0.7604706725600286,0.1413049738973803,0.6530123840242106
6.0,8.5,3.0,502260,256320,0.5103332935133198,0.9766775905118602,150605,0.2998546569505834,0.6870356229872846,95335,0.18981204953609684,0.6162269890386531,5978,47134,53112,0.8101879504639031,0.13052036616084045,0.7044419225102536
6.0,8.5,3.25,502260,243763,0.48533229801298133,0.9825527253931072,152615,0.3038565683112332,0.6812436523277529,105882,0.21081113367578544,0.6428571428571429,4253,48647,52900,0.7891888663242146,0.13345846641337308,0.6838649305140764
6.0,8.5,3.5,502260,234034,0.4659618524270298,0.9856559303349086,153725,0.3060665790626369,0.677768742885022,114501,0.2279715685103333,0.6638544641531515,3357,49535,52892,0.7720284314896667,0.13640431298822206,0.666720423684944
6.0,8.5,3.75,502260,226971,0.45189941464580097,0.9876680280740712,154364,0.30733882849520167,0.6756627192868804,120925,0.24076175685899734,0.6779904899731238,2799,50066,52865,0.7592382431410026,0.13863138710058084,0.6539839923545574
6.0,8.5,4.0,502260,221967,0.4419364472583921,0.9884757644154312,154634,0.30787639867797556,0.6747093136050286,125659,0.2501871540636324,0.6884823212026198,2558,50301,52859,0.7498128459363677,0.1403580978276744,0.644570541153984
6.0,8.5,4.25,502260,218693,0.43541791104208977,0.9890531475630221,154802,0.3082108867917015,0.6741127375615302,128765,0.25637120216620873,0.69488603269522,2394,50448,52842,0.7436287978337912,0.14147980561988782,0.6384203400629156
6.0,8.5,4.5,502260,216498,0.43104766455620597,0.9892793466914244,154862,0.3083303468323179,0.6738967596957292,130900,0.2606219886114761,0.6993582887700535,2321,50501,52822,0.7393780113885239,0.142239336492891,0.634209373631187
6.0,8.5,4.75,502260,215073,0.42821048859156613,0.9892455119889526,154878,0.30836220284314897,0.6738271413628791,132309,0.2634273085652849,0.7024994520402996,2313,50517,52830,0.736572691434715,0.14280269549210572,0.6313881256719627
6.0,8.5,5.0,502260,213994,0.4260621988611476,0.989233342990925,154883,0.30837215784653366,0.6738053885836406,133383,0.26556564329231874,0.7048274517742141,2304,50522,52826,0.7344343567076813,0.1432076274747409,0.6292577549476367
6.0,8.75,3.0,502260,248326,0.4944172341018596,0.9791483775359809,150605,0.2998546569505834,0.6870356229872846,103329,0.20572810894755705,0.6381751492804537,5178,47134,52312,0.794271891052443,0.13113044611724833,0.6901186636403457
6.0,8.75,3.25,502260,234245,0.4663819535698642,0.9854425921577835,152615,0.3038565683112332,0.6812436523277529,115400,0.22976147811890257,0.6650086655112651,3410,48647,52057,0.7702385218810974,0.13456289096830895,0.6665929996416199
6.0,8.75,3.5,502260,222953,0.44389957392585516,0.9888810646190004,153725,0.3060665790626369,0.677768742885022,125582,0.250033847011508,0.6865235463681101,2479,49535,52014,0.749966152988492,0.13808611068339538,0.646406243778123
6.0,8.75,3.75,502260,214410,0.42689045514275475,0.9911524649036892,154364,0.30733882849520167,0.6756627192868804,133486,0.2657707163620436,0.7015342432914313,1897,50066,51963,0.7342292836379565,0.14090743924463223,0.6307709154621113
6.0,8.75,4.0,502260,208192,0.4145104129335404,0.9921082462342453,154634,0.30787639867797556,0.6747093136050286,139434,0.27761318838848403,0.7126956122609981,1643,50301,51944,0.722386811611516,0.1431650432989918,0.6189662724485326
6.0,8.75,4.25,502260,204070,0.40630350814319277,0.9927965894055961,154802,0.3082108867917015,0.6741127375615302,143388,0.28548560506510573,0.7195581220185789,1470,50448,51918,0.7145143949348943,0.1446699658931318,0.6111456217895114
6.0,8.75,4.5,502260,201231,0.40065105722135946,0.9930676685003802,154862,0.3083303468323179,0.6738967596957292,146167,0.2910185959463226,0.7244248017678409,1395,50501,51896,0.7089814040536774,0.14573720909986998,0.6056564329231873
6.0,8.75,4.75,502260,199249,0.3967048938796639,0.9930388609227649,154878,0.30836220284314897,0.6738271413628791,148133,0.29493290327718713,0.7280281908825177,1387,50517,51904,0.7050670967228129,0.1465688863035013,0.6017261975869072
6.0,8.75,5.0,502260,197723,0.3936666268466531,0.9930357115762961,154883,0.30837215784653366,0.6738053885836406,149654,0.2979612153068132,0.7307255402461679,1377,50522,51899,0.7020387846931868,0.14718694520229378,0.5987078405606657
6.0,9.0,3.0,502260,243214,0.48423923864134116,0.9802766288124861,150605,0.2998546569505834,0.6870356229872846,108441,0.2159061044080755,0.6517184459752308,4797,47134,51931,0.7840938955919246,0.13186514617121065,0.6806992394377415
6.0,9.0,3.25,502260,228249,0.4544439135109306,0.9868827464742452,152615,0.3038565683112332,0.6812436523277529,121396,0.2416995181778362,0.6781277801575011,2994,48647,51641,0.7583004818221638,0.13558908166694672,0.6554832158642934
6.0,9.0,3.5,502260,216004,0.43006411022179747,0.9905325827299495,153725,0.3060665790626369,0.677768742885022,132531,0.26386931071556563,0.6996853566335424,2045,49535,51580,0.7361306892844344,0.1395075852854388,0.6334348743678573
6.0,9.0,3.75,502260,206627,0.41139449687412893,0.9929825240651028,154364,0.30733882849520167,0.6756627192868804,141269,0.2812666746306694,0.7148135825977391,1450,50066,51516,0.7187333253693307,0.1427071589042386,0.6161649344960778
6.0,9.0,4.0,502260,199668,0.39753912316330187,0.9940501232045195,154634,0.30787639867797556,0.6747093136050286,147958,0.2945844781587226,0.7261722921369578,1188,50301,51489,0.7054155218412774,0.14532517456858837,0.6029008879863019
6.0,9.0,4.25,502260,194928,0.3881017799546052,0.9948237297874087,154802,0.3082108867917015,0.6741127375615302,152530,0.3036873332536933,0.7333442601455451,1009,50448,51457,0.6963126667463067,0.14713350298801933,0.5938617449129933
6.0,9.0,4.5,502260,191635,0.381545414725441,0.9951470242909698,154862,0.3083303468323179,0.6738967596957292,155763,0.3101242384422411,0.7384166971617137,930,50501,51431,0.689875761557759,0.14843129954949105,0.587476605742046
6.0,9.0,4.75,502260,189304,0.37690439214749333,0.9951348096183916,154878,0.30836220284314897,0.6738271413628791,158078,0.3147334050093577,0.7421905641518743,921,50517,51438,0.6852665949906422,0.14945000029054395,0.5828535021701908
6.0,9.0,5.0,502260,187416,0.37314538286943016,0.9951391556750757,154883,0.30837215784653366,0.6738053885836406,159961,0.3184824592840362,0.7451628834528417,911,50522,51433,0.6815175407159638,0.15025752339329065,0.5791144028988969
6.25,7.0,3.0,502260,305627,0.6085035638912117,0.9341975676232793,164541,0.3276012423844224,0.682182556323348,32092,0.06389519372436586,0.5737878599027795,20111,52294,72405,0.9361048062756341,0.153998145343792,0.7919464022617768
6.25,7.0,3.25,502260,300116,0.5975311591605941,0.9366078449666129,167214,0.33292318719388364,0.6754099537120097,34930,0.06954565364552225,0.5971085027197252,19025,54276,73301,0.9304543463544778,0.15685061947660112,0.7845120057340818
6.25,7.0,3.5,502260,296551,0.5904332417473022,0.9375689173194492,168770,0.3360211842472026,0.670990104876459,36939,0.07354557400549516,0.6134437857007499,18514,55527,74041,0.9264544259945049,0.15911811416205157,0.7790387448731733
6.25,7.0,3.75,502260,294302,0.5859554812248636,0.9380772132027645,169690,0.33785290486998765,0.6682951264069774,38268,0.07619161390514873,0.6234713076199435,18224,56287,74511,0.9238083860948513,0.16058682046242176,0.7754569346553578
6.25,7.0,4.0,502260,292985,0.5833333333333334,0.9382323327132789,170125,0.33871899016445667,0.6669272593681117,39150,0.07794767650221002,0.630191570881226,18097,56664,74761,0.92205232349779,0.16143248904148041,0.7732031218890615
6.25,7.0,4.25,502260,292174,0.5817186317843348,0.9382936195554704,170374,0.33921474933301476,0.6661345040909998,39712,0.07906661888265042,0.6344933521353747,18029,56882,74911,0.9209333811173496,0.16195292164272682,0.7717855294070801
6.25,7.0,4.5,502260,291743,0.5808605104925736,0.9382915785468717,170487,0.33943973240950903,0.665757506437441,40030,0.0796997570979174,0.6370222333250063,18003,56984,74987,0.9203002429020826,0.16222876057374033,0.7710010751403655
6.25,7.0,4.75,502260,291527,0.5804304543463544,0.9382527175870503,170523,0.3395114084338789,0.6656228192091389,40210,0.08005813721976665,0.6386222332753047,18001,57019,75020,0.9199418627802334,0.16236338058651661,0.7705769919961772
6.25,7.0,5.0,502260,291407,0.5801915342651216,0.9382307219799113,170540,0.33954525544538683,0.6655564676908643,40313,0.0802632102894915,0.6395207501302309,18000,57036,75036,0.9197367897105085,0.16243421864413016,0.7703400629156214
6.25,7.25,3.0,502260,294700,0.5867478994942859,0.9458534102477095,164541,0.3276012423844224,0.682182556323348,43019,0.08565085812129176,0.5854854831586044,15957,52294,68251,0.9143491418787082,0.14861695710966574,0.7784613546768606
6.25,7.25,3.25,502260,288126,0.5736590610440807,0.948744646439405,167214,0.33292318719388364,0.6754099537120097,46920,0.0934177517620356,0.6093350383631714,14768,54276,69044,0.9065822482379644,0.15163174770501164,0.7691155974993031
6.25,7.25,3.5,502260,283683,0.5648130450364353,0.9500428294963039,168770,0.3360211842472026,0.670990104876459,49807,0.09916577071636204,0.6261368883891822,14172,55527,69699,0.900834229283638,0.15404693968213273,0.7620634731015807
6.25,7.25,3.75,502260,280847,0.5591665671166328,0.9507525449800069,169690,0.33785290486998765,0.6682951264069774,51723,0.10298052801337952,0.6364866693733929,13831,56287,70118,0.8970194719866205,0.15563205685659556,0.7574144865209255
6.25,7.25,4.0,502260,279098,0.5556843069326644,0.9509957076009143,170125,0.33871899016445667,0.6669272593681117,53037,0.10559670290287898,0.643682712068933,13677,56664,70341,0.894403297097121,0.15658370119072265,0.7543543184804682
6.25,7.25,4.25,502260,278029,0.5535559272090153,0.9511022231493838,170374,0.33921474933301476,0.6661345040909998,53857,0.10722932345796997,0.6481608704532372,13595,56882,70477,0.89277067654203,0.15717334629786153,0.7524509218333135
6.25,7.25,4.5,502260,277413,0.5523294707920201,0.9511198105351948,170487,0.33943973240950903,0.665757506437441,54360,0.1082307967984709,0.6509749816041207,13560,56984,70544,0.8917692032015291,0.15749944183969636,0.7513160514474575
6.25,7.25,4.75,502260,277080,0.551666467566599,0.9510718925941967,170523,0.3395114084338789,0.6656228192091389,54657,0.10882212399952217,0.6528349525220923,13557,57019,70576,0.8911778760004778,0.15767544006630876,0.7506610122247442
6.25,7.25,5.0,502260,276882,0.5512722494325648,0.9510477387479143,170540,0.33954525544538683,0.6655564676908643,54838,0.10918249512204835,0.653926109632007,13554,57036,70590,0.8908175048779516,0.1577705164252093,0.7502727670927407
6.25,7.5,3.0,502260,286958,0.5713335722534145,0.9541744784951108,164541,0.3276012423844224,0.682182556323348,50761,0.10106518536216302,0.5934083252890999,13150,52294,65444,0.898934814637837,0.14494827231068064,0.7686357663361605
6.25,7.5,3.25,502260,279529,0.5565424282244256,0.9575929509997174,167214,0.33292318719388364,0.6754099537120097,55517,0.11053438458169076,0.6173424356503413,11854,54276,66130,0.8894656154183093,0.1480269416644469,0.7578007406522518
6.25,7.5,3.5,502260,274413,0.5463564687611994,0.959174674669203,168770,0.3360211842472026,0.670990104876459,59077,0.11762234699159797,0.6345447466865277,11203,55527,66730,0.882377653008402,0.15056985489064337,0.7495181778361804
6.25,7.5,3.75,502260,271089,0.5397383825110501,0.9600647757747456,169690,0.33785290486998765,0.6682951264069774,61481,0.12240871261896229,0.6453050535937932,10826,56287,67113,0.8775912873810378,0.15225997608779002,0.7439692589495481
6.25,7.5,4.0,502260,268964,0.535507506072552,0.9603775970018292,170125,0.33871899016445667,0.6669272593681117,63171,0.1257735037629913,0.6530369948235741,10657,56664,67321,0.8742264962370088,0.1533197142265008,0.7401903396647155
6.25,7.5,4.25,502260,267651,0.5328933221837295,0.9605493721301247,170374,0.33921474933301476,0.6661345040909998,64235,0.12789192848325567,0.6577411068732,10559,56882,67441,0.8721080715167443,0.15396609782546658,0.7378329948632183
6.25,7.5,4.5,502260,266877,0.5313522876597778,0.96058109166395,170487,0.33943973240950903,0.665757506437441,64896,0.12920797993071317,0.660795734714004,10520,56984,67504,0.8707920200692868,0.15434283571578822,0.7363915103731136
6.25,7.5,4.75,502260,266434,0.5304702743598932,0.9605305629161444,170523,0.3395114084338789,0.6656228192091389,65303,0.13001831720622786,0.662863880679295,10516,57019,67535,0.8699816827937722,0.15455754227532686,0.7355194520766137
6.25,7.5,5.0,502260,266160,0.5299247401744117,0.9605012022843402,170540,0.33954525544538683,0.6655564676908643,65560,0.1305300043802015,0.6641397193410616,10513,57036,67549,0.8694699956197985,0.15468055873597436,0.7349798908931628
6.25,7.75,3.0,502260,279215,0.5559172540118663,0.9609977973962717,164541,0.3276012423844224,0.682182556323348,58504,0.11648150360371122,0.6085908655818406,10890,52294,63184,0.8835184963962888,0.14238455367364047,0.7577191096244972
6.25,7.75,3.25,502260,270658,0.5388802612192888,0.96493730094806,167214,0.33292318719388364,0.6754099537120097,64388,0.12819655158682755,0.6333478287879729,9490,54276,63766,0.8718034484131725,0.1456270325574597,0.7448452992474017
6.25,7.75,3.5,502260,264618,0.5268546171305698,0.9668578857069436,168770,0.3360211842472026,0.670990104876459,68872,0.13712419862222752,0.6511935184109653,8770,55527,64297,0.8628758013777724,0.14835897625222663,0.7348604308525464
6.25,7.75,3.75,502260,260586,0.5188269024011468,0.9679990482988342,169690,0.33785290486998765,0.6682951264069774,71984,0.14332019272886554,0.6625083351855968,8339,56287,64626,0.8566798072711345,0.15019661798473538,0.7280093975231952
6.25,7.75,4.0,502260,257956,0.513590570620794,0.9683938346074524,170125,0.33871899016445667,0.6669272593681117,74179,0.14769043921474934,0.6707693552083474,8153,56664,64817,0.8523095607852507,0.15141293353360696,0.7232588699080158
6.25,7.75,4.25,502260,256301,0.5102954645004579,0.9686267318504415,170374,0.33921474933301476,0.6661345040909998,75585,0.1504897861665273,0.6758219223390884,8041,56882,64923,0.8495102138334727,0.15216030936895764,0.7202484768844821
6.25,7.75,4.5,502260,255306,0.5083144188269024,0.9686807203904334,170487,0.33943973240950903,0.665757506437441,76467,0.15224584876358857,0.6791164816195221,7996,56984,64980,0.8477541512364114,0.1526093665231697,0.7183789272488352
6.25,7.75,4.75,502260,254724,0.5071556564329232,0.9686366420125312,170523,0.3395114084338789,0.6656228192091389,77013,0.15333293513319796,0.6813135444665186,7989,57019,65008,0.8466670648668021,0.15287115488175107,0.7172360928602716
6.25,7.75,5.0,502260,254328,0.5063672201648548,0.9685996036614136,170540,0.33954525544538683,0.6655564676908643,77392,0.15408752438975828,0.6828354351870994,7986,57036,65022,0.8459124756102417,0.15304047374714028,0.716453629594234
6.25,8.0,3.0,502260,270849,0.5392605423485844,0.9671772832833054,164541,0.3276012423844224,0.682182556323348,66870,0.13313821526699318,0.6276506654703156,8890,52294,61184,0.8668617847330068,0.14052688394313145,0.7450443993150958
6.25,8.0,3.25,502260,260877,0.5194062835981365,0.9717491384828866,167214,0.33292318719388364,0.6754099537120097,74169,0.14767052920797993,0.6531165311653117,7370,54276,61646,0.85232947079202,0.14400209301293418,0.7295922430613626
6.25,8.0,3.5,502260,253689,0.50509497073229,0.9740154283394235,168770,0.3360211842472026,0.670990104876459,79801,0.1588838450205073,0.6716707810679065,6592,55527,62119,0.8411161549794927,0.14704148804972791,0.7174371839286424
6.25,8.0,3.75,502260,248728,0.4952176163739896,0.9753948087871088,169690,0.33785290486998765,0.6682951264069774,83842,0.16692947875602276,0.6837742420266693,6120,56287,62407,0.8330705212439772,0.14914989316903193,0.7088181419981683
6.25,8.0,4.0,502260,245424,0.488639350137379,0.975898852597953,170125,0.33871899016445667,0.6669272593681117,86711,0.1726416596981643,0.6925418920321528,5915,56664,62579,0.8273583403018357,0.1505935521442718,0.702763508939593
6.25,8.0,4.25,502260,243302,0.4844144467009119,0.9762147454603743,170374,0.33921474933301476,0.6661345040909998,88584,0.17637080396607335,0.697947710647521,5787,56882,62669,0.8236291960339267,0.15149295583983602,0.6988551746107594
6.25,8.0,4.5,502260,241968,0.48175845179787363,0.976302651590293,170487,0.33943973240950903,0.665757506437441,89805,0.17880181579261736,0.7015867713378988,5734,56984,62718,0.8211981842073827,0.1520602247517911,0.6963266037510454
6.25,8.0,4.75,502260,241163,0.48015569625293675,0.9762525760585165,170523,0.3395114084338789,0.6656228192091389,90574,0.18033289531318442,0.7040541435732108,5727,57019,62746,0.8196671046868156,0.15241227537492166,0.6947397762115239
6.25,8.0,5.0,502260,240584,0.47900290686098834,0.9762203637814652,170540,0.33954525544538683,0.6655564676908643,91136,0.18145183769362483,0.7058132900280899,5721,57036,62757,0.8185481623063752,0.1526473764606299,0.6935989328236372
6.25,8.25,3.0,502260,262970,0.5235734480149723,0.9736129596531924,164541,0.3276012423844224,0.682182556323348,74749,0.14882530960060528,0.6407978702056215,6939,52294,59233,0.8511746903993948,0.13855316003564822,0.733241747302194
6.25,8.25,3.25,502260,251720,0.5011746903993948,0.9789726680438583,167214,0.33292318719388364,0.6754099537120097,83326,0.1659021224067216,0.6663106353359095,5293,54276,59569,0.8340978775932784,0.14219184883537742,0.7154959582686258
6.25,8.25,3.5,502260,243349,0.48450802373272805,0.9817587086858791,168770,0.3360211842472026,0.670990104876459,90141,0.1794707920200693,0.685448353135643,4439,55527,59966,0.8205292079799307,0.14550651632174202,0.7011368613865328
6.25,8.25,3.75,502260,237408,0.47267948871102616,0.9835473109583501,169690,0.33785290486998765,0.6682951264069774,95162,0.1894676064189862,0.698125302116391,3906,56287,60193,0.8105323935810138,0.14785874654260153,0.6906880898339505
6.25,8.25,4.0,502260,233340,0.4645800979572333,0.9842161652524214,170125,0.33871899016445667,0.6669272593681117,98795,0.19670091187831004,0.7075560504074093,3683,56664,60347,0.8032990881216899,0.14957183398807827,0.6831481702703779
6.25,8.25,4.25,502260,230662,0.4592481981443874,0.9847005575257303,170374,0.33921474933301476,0.6661345040909998,101224,0.20153705252259785,0.7133584920572197,3529,56882,60411,0.7984629474774021,0.15063734926540262,0.6781846055827658
6.25,8.25,4.5,502260,228935,0.4558097399753116,0.9848646995872191,170487,0.33943973240950903,0.665757506437441,102838,0.2047505276151794,0.7173418386199654,3465,56984,60449,0.7952494723848206,0.15134118801668411,0.6748954724644607
6.25,8.25,4.75,502260,227871,0.4536913152550472,0.984824747335115,170523,0.3395114084338789,0.6656228192091389,103866,0.20679727631107395,0.7200816436562494,3458,57019,60477,0.7932027236889261,0.15180198496965316,0.6727929757496117
6.25,8.25,5.0,502260,227071,0.452098514713495,0.984806514262059,170540,0.33954525544538683,0.6655564676908643,104649,0.20835622984111815,0.7220995900581946,3450,57036,60486,0.7916437701588819,0.15212355794985552,0.6712161032134751
6.25,8.5,3.0,502260,256320,0.5103332935133198,0.9766775905118602,164541,0.3276012423844224,0.682182556323348,81399,0.1620654641022578,0.6583373260113761,5978,52294,58272,0.8379345358977422,0.1384590161597297,0.7219149444510811
6.25,8.5,3.25,502260,243763,0.48533229801298133,0.9825527253931072,167214,0.33292318719388364,0.6754099537120097,91283,0.18174451479313503,0.684004688715314,4253,54276,58529,0.818255485206865,0.1424142956905131,0.7017242065862302
6.25,8.5,3.5,502260,234034,0.4659618524270298,0.9856559303349086,168770,0.3360211842472026,0.670990104876459,99456,0.19801696332576754,0.7040299227799228,3357,55527,58884,0.8019830366742324,0.14618524145738374,0.6847449528132838
6.25,8.5,3.75,502260,226971,0.45189941464580097,0.9876680280740712,169690,0.33785290486998765,0.6682951264069774,105599,0.21024768048421136,0.7174783852119812,2799,56287,59086,0.7897523195157886,0.14895843049858695,0.6721120535180982
6.25,8.5,4.0,502260,221967,0.4419364472583921,0.9884757644154312,170125,0.33871899016445667,0.6669272593681117,110168,0.21934456257715126,0.7275343112337521,2558,56664,59222,0.7806554374228487,0.15104108219499504,0.6627443953330945
6.25,8.5,4.25,502260,218693,0.43541791104208977,0.9890531475630221,170374,0.33921474933301476,0.6661345040909998,113193,0.22536733962489547,0.7336407728393098,2394,56882,59276,0.7746326603751045,0.152354221766431,0.6566141042487954
6.25,8.5,4.5,502260,216498,0.43104766455620597,0.9892793466914244,170487,0.33943973240950903,0.665757506437441,115275,0.22951260303428503,0.7379136846671004,2321,56984,59305,0.770487396965715,0.1532488339341318,0.6524111018197747
6.25,8.5,4.75,502260,215073,0.42821048859156613,0.9892455119889526,170523,0.3395114084338789,0.6656228192091389,116664,0.232278102974555,0.7409740794075294,2313,57019,59332,0.767721897025445,0.15387089077687527,0.6495918448612272
6.25,8.5,5.0,502260,213994,0.4260621988611476,0.989233342990925,170540,0.33954525544538683,0.6655564676908643,117726,0.23439254569346554,0.7432342897915498,2304,57036,59340,0.7656074543065344,0.15431665340386025,0.6474614741369011
6.25,8.75,3.0,502260,248326,0.4944172341018596,0.9791483775359809,164541,0.3276012423844224,0.682182556323348,89393,0.177981523513718,0.6799413824348662,5178,52294,57472,0.822018476486282,0.1392022128191403,0.7075916855811731
6.25,8.75,3.25,502260,234245,0.4663819535698642,0.9854425921577835,167214,0.33292318719388364,0.6754099537120097,100801,0.20069485923625213,0.7054791123103937,3410,54276,57686,0.7993051407637478,0.14369088748788794,0.6844522757137737
6.25,8.75,3.5,502260,222953,0.44389957392585516,0.9888810646190004,168770,0.3360211842472026,0.670990104876459,110537,0.22007924182694222,0.7257569863484625,2479,55527,58006,0.7799207581730577,0.14807912734253542,0.6644307729064628
6.25,8.75,3.75,502260,214410,0.42689045514275475,0.9911524649036892,169690,0.33785290486998765,0.6682951264069774,118160,0.2352566399872576,0.7398781313473256,1897,56287,58184,0.7647433600127425,0.151481385055975,0.6488989766256521
6.25,8.75,4.0,502260,208192,0.4145104129335404,0.9921082462342453,170125,0.33871899016445667,0.6669272593681117,123943,0.24677059690200295,0.7504336670889038,1643,56664,58307,0.753229403097997,0.1541220722304311,0.6371401266276431
6.25,8.75,4.25,502260,204070,0.40630350814319277,0.9927965894055961,170374,0.33921474933301476,0.6661345040909998,127816,0.25448174252379246,0.7568848970394942,1470,56882,58352,0.7455182574762076,0.15583638674942046,0.6293393859753913
6.25,8.75,4.5,502260,201231,0.40065105722135946,0.9930676685003802,170487,0.33943973240950903,0.665757506437441,130542,0.2599092103691315,0.7614714038393774,1395,56984,58379,0.7400907896308685,0.15705185113446216,0.6238581611117748
6.25,8.75,4.75,502260,199249,0.3967048938796639,0.9930388609227649,170523,0.3395114084338789,0.6656228192091389,132488,0.2637836976864572,0.76492210615301,1387,57019,58406,0.7362163023135427,0.15795138625964109,0.6199299167761717
6.25,8.75,5.0,502260,197723,0.3936666268466531,0.9930357115762961,170540,0.33954525544538683,0.6655564676908643,133997,0.26678811770796,0.7674947946595819,1377,57036,58413,0.7332118822920399,0.1586176183868594,0.6169115597499302
6.25,9.0,3.0,502260,243214,0.48423923864134116,0.9802766288124861,164541,0.3276012423844224,0.682182556323348,94505,0.18815951897423644,0.6932225808158299,4797,52294,57091,0.8118404810257636,0.14001299800125075,0.6981722613785689
6.25,9.0,3.25,502260,228249,0.4544439135109306,0.9868827464742452,167214,0.33292318719388364,0.6754099537120097,106797,0.21263289929518575,0.7181194228302293,2994,54276,57270,0.7873671007048142,0.1448175935548964,0.6733424919364472
6.25,9.0,3.5,502260,216004,0.43006411022179747,0.9905325827299495,168770,0.3360211842472026,0.670990104876459,117486,0.23391470553099988,0.738283710399537,2045,55527,57572,0.7660852944690001,0.14962549444609044,0.6514594034961971
6.25,9.0,3.75,502260,206627,0.41139449687412893,0.9929825240651028,169690,0.33785290486998765,0.6682951264069774,125943,0.2507525982558834,0.7524038652406247,1450,56287,57737,0.7492474017441166,0.15342649946720452,0.6342929956596185
6.25,9.0,4.0,502260,199668,0.39753912316330187,0.9940501232045195,170125,0.33871899016445667,0.6669272593681117,132467,0.26374188667224147,0.7630579691545819,1188,56664,57852,0.7362581133277585,0.15644428098963475,0.6210747421654124
6.25,9.0,4.25,502260,194928,0.3881017799546052,0.9948237297874087,170374,0.33921474933301476,0.6661345040909998,136958,0.27268347071238,0.7697469297156793,1009,56882,57891,0.7273165292876199,0.15847435820225458,0.6120555090988731
6.25,9.0,4.5,502260,191635,0.381545414725441,0.9951470242909698,170487,0.33943973240950903,0.665757506437441,140138,0.27901485286504996,0.7744865775164481,930,56984,57914,0.72098514713495,0.15992952651316408,0.6056783339306335
6.25,9.0,4.75,502260,189304,0.37690439214749333,0.9951348096183916,170523,0.3395114084338789,0.6656228192091389,142433,0.2835841994186278,0.7780640722304523,921,57019,57940,0.7164158005813722,0.16102182437671436,0.6010572213594553
6.25,9.0,5.0,502260,187416,0.37314538286943016,0.9951391556750757,170540,0.33954525544538683,0.6655564676908643,144304,0.28730936168518295,0.7808723250914735,911,57036,57947,0.712690638314817,0.16188302472929633,0.5973181220881614
6.5,7.0,3.0,502260,305627,0.6085035638912117,0.9341975676232793,176728,0.351865567634293,0.6699277986510344,19905,0.03963086847449528,0.6217030896759608,20111,58333,78444,0.9603691315255047,0.16262711073794198,0.8041870744236054
6.5,7.0,3.25,502260,300116,0.5975311591605941,0.9366078449666129,180252,0.35888185401983036,0.6614905798548698,21892,0.04358698681957552,0.6448017540654121,19025,61017,80042,0.9564130131804245,0.16662641974486228,0.7970493369967744
6.5,7.0,3.5,502260,296551,0.5904332417473022,0.9375689173194492,182391,0.3631406044678055,0.6558602124008311,23318,0.04642615378489229,0.6612488206535724,18514,62768,81282,0.9535738462151078,0.16971157259125322,0.7917413291920519
6.5,7.0,3.75,502260,294302,0.5859554812248636,0.9380772132027645,183673,0.3656930673356429,0.6524203339630756,24285,0.04835145143949349,0.6714021000617665,18224,63841,82065,0.9516485485605065,0.1716930801820179,0.7882570780074065
6.5,7.0,4.0,502260,292985,0.5833333333333334,0.9382323327132789,184370,0.36708079480747025,0.6504040787546781,24905,0.04958587185919643,0.677815699658703,18097,64455,82552,0.9504141281408036,0.1729362843167035,0.7860530402580338
6.5,7.0,4.25,502260,292174,0.5817186317843348,0.9382936195554704,184765,0.3678672400748616,0.6492679890671934,25321,0.050414128140803566,0.6822795308242171,18029,64803,82832,0.9495858718591964,0.17367420152262658,0.7846673037868833
6.5,7.0,4.5,502260,291743,0.5808605104925736,0.9382915785468717,184950,0.3682355752000956,0.6486942416869425,25567,0.050903914307330864,0.6848672116400047,18003,64974,82977,0.9490960856926691,0.17406800603323314,0.7838888225221997
6.5,7.0,4.75,502260,291527,0.5804304543463544,0.9382527175870503,185038,0.3684107832596663,0.6483911412790886,25695,0.051158762393979214,0.6863981319322825,18001,65061,83062,0.9488412376060208,0.17429311846232937,0.7834647393780113
6.5,7.0,5.0,502260,291407,0.5801915342651216,0.9382307219799113,185070,0.3684744952813284,0.6482790295563841,25783,0.051333970453549954,0.6874297017414576,18000,65093,83093,0.9486660295464501,0.1743903693147833,0.7832278102974555
6.5,7.25,3.0,502260,294700,0.5867478994942859,0.9458534102477095,176728,0.351865567634293,0.6699277986510344,30832,0.06138653287142118,0.621043072132849,15957,58333,74290,0.9386134671285788,0.15758503949701758,0.7907020268386892
6.5,7.25,3.25,502260,288126,0.5736590610440807,0.948744646439405,180252,0.35888185401983036,0.6614905798548698,33882,0.06745908493608888,0.6448556755799539,14768,61017,75785,0.9325409150639111,0.1618030735858644,0.7816529287619958
6.5,7.25,3.5,502260,283683,0.5648130450364353,0.9500428294963039,182391,0.3631406044678055,0.6558602124008311,36186,0.07204635049575916,0.6617200022107997,14172,62768,76940,0.9279536495042409,0.1650810815449907,0.7747660574204595
6.5,7.25,3.75,502260,280847,0.5591665671166328,0.9507525449800069,183673,0.3656930673356429,0.6524203339630756,37740,0.07514036554772428,0.6721515633280339,13831,63841,77672,0.9248596344522757,0.167209162145871,0.7702146298729742
6.5,7.25,4.0,502260,279098,0.5556843069326644,0.9509957076009143,184370,0.36708079480747025,0.6504040787546781,38792,0.0772348982598654,0.6792122087028253,13677,64455,78132,0.9227651017401346,0.1685812181207764,0.7672042368494405
6.5,7.25,4.25,502260,278029,0.5535559272090153,0.9511022231493838,184765,0.3678672400748616,0.6492679890671934,39466,0.07857683271612312,0.6838037804692647,13595,64803,78398,0.9214231672838769,0.16940150477318203,0.7653326962131167
6.5,7.25,4.5,502260,277413,0.5523294707920201,0.9511198105351948,184950,0.3682355752000956,0.6486942416869425,39897,0.07943495400788436,0.6866932350803319,13560,64974,78534,0.9205650459921156,0.1698535566210964,0.7642037988292917
6.5,7.25,4.75,502260,277080,0.551666467566599,0.9510718925941967,185038,0.3684107832596663,0.6483911412790886,40142,0.07992274917373472,0.6885556275222958,13557,65061,78618,0.9200772508262652,0.17012537923214416,0.7635487596065783
6.5,7.25,5.0,502260,276882,0.5512722494325648,0.9510477387479143,185070,0.3684744952813284,0.6482790295563841,40308,0.0802532552861068,0.6897638185968046,13554,65093,78647,0.9197467447138932,0.17024928996952066,0.7631605144745749
6.5,7.5,3.0,502260,286958,0.5713335722534145,0.9541744784951108,176728,0.351865567634293,0.6699277986510344,38574,0.07680086011229244,0.6243324519106134,13150,58333,71483,0.9231991398877075,0.1541625151503388,0.780876438497989
6.5,7.5,3.25,502260,279529,0.5565424282244256,0.9575929509997174,180252,0.35888185401983036,0.6614905798548698,42479,0.08457571775574403,0.6481320181736858,11854,61017,72871,0.915424282244256,0.15849067273332304,0.7703380719149444
6.5,7.5,3.5,502260,274413,0.5463564687611994,0.959174674669203,182391,0.3631406044678055,0.6558602124008311,45456,0.0905029267709951,0.6653907074973601,11203,62768,73971,0.9094970732290049,0.16193159429427062,0.7622207621550591
6.5,7.5,3.75,502260,271089,0.5397383825110501,0.9600647757747456,183673,0.3656930673356429,0.6524203339630756,47498,0.09456855015330705,0.6762389995368226,10826,63841,74667,0.905431449846693,0.16418918027451723,0.7567694023015968
6.5,7.5,4.0,502260,268964,0.535507506072552,0.9603775970018292,184370,0.36708079480747025,0.6504040787546781,48926,0.0974116991199777,0.6839308343212198,10657,64455,75112,0.9025883008800223,0.16568799163530643,0.7530402580336878
6.5,7.5,4.25,502260,267651,0.5328933221837295,0.9605493721301247,184765,0.3678672400748616,0.6492679890671934,49844,0.09923943774140884,0.6887288339619613,10559,64803,75362,0.9007605622585911,0.1665767788937615,0.7507147692430215
6.5,7.5,4.5,502260,266877,0.5313522876597778,0.96058109166395,184950,0.3682355752000956,0.6486942416869425,50433,0.10041213714012663,0.6918684194872405,10520,64974,75494,0.8995878628598734,0.16708607498002553,0.7492792577549476
6.5,7.5,4.75,502260,266434,0.5304702743598932,0.9605305629161444,185038,0.3684107832596663,0.6483911412790886,50788,0.1011189423804404,0.693963140899425,10516,65061,75577,0.8988810576195596,0.16740130063436937,0.7484071994584478
6.5,7.5,5.0,502260,266160,0.5299247401744117,0.9605012022843402,185070,0.3684744952813284,0.6482790295563841,51030,0.10160076454425994,0.6953556731334509,10513,65093,75606,0.8983992354557401,0.16755534871351638,0.747867638274997
6.5,7.75,3.0,502260,279215,0.5559172540118663,0.9609977973962717,176728,0.351865567634293,0.6699277986510344,46317,0.09221717835384063,0.6383401342919447,10890,58333,69223,0.9077828216461593,0.1518238025367206,0.7699597817863257
6.5,7.75,3.25,502260,270658,0.5388802612192888,0.96493730094806,180252,0.35888185401983036,0.6614905798548698,51350,0.10223788476088082,0.6628821811100292,9490,61017,70507,0.8977621152391192,0.156366015391098,0.7573826305100944
6.5,7.75,3.5,502260,264618,0.5268546171305698,0.9668578857069436,182391,0.3631406044678055,0.6558602124008311,55251,0.11000477840162466,0.6806754628875495,8770,62768,71538,0.8899952215983753,0.16003704623396844,0.7475630151714251
6.5,7.75,3.75,502260,260586,0.5188269024011468,0.9679990482988342,183673,0.3656930673356429,0.6524203339630756,58001,0.11548003026321028,0.6919880691712211,8339,63841,72180,0.8845199697367897,0.162472791772367,0.7408095408752439
6.5,7.75,4.0,502260,257956,0.513590570620794,0.9683938346074524,184370,0.36708079480747025,0.6504040787546781,59934,0.11932863457173576,0.7002035572463042,8153,64455,72608,0.8806713654282643,0.16415042299118748,0.7361087882769881
6.5,7.75,4.25,502260,256301,0.5102954645004579,0.9686267318504415,184765,0.3678672400748616,0.6492679890671934,61194,0.12183729542468044,0.7053142464947544,8041,64803,72844,0.8781627045753195,0.16515442133376865,0.7331302512642854
6.5,7.75,4.5,502260,255306,0.5083144188269024,0.9686807203904334,184950,0.3682355752000956,0.6486942416869425,62004,0.12345000597300203,0.708663957164054,7996,64974,72970,0.876549994026998,0.16574447594127054,0.7312666746306694
6.5,7.75,4.75,502260,254724,0.5071556564329232,0.9686366420125312,185038,0.3684107832596663,0.6483911412790886,62498,0.1244335603074105,0.7108707478639317,7989,65061,73050,0.8755664396925895,0.1661125790768643,0.7301238402421056
6.5,7.75,5.0,502260,254328,0.5063672201648548,0.9685996036614136,185070,0.3684744952813284,0.6482790295563841,62862,0.12515828455381675,0.7124972161242086,7986,65093,73079,0.8748417154461833,0.16631618714696017,0.7293413769760682
6.5,8.0,3.0,502260,270849,0.5392605423485844,0.9671772832833054,176728,0.351865567634293,0.6699277986510344,54683,0.10887389001712261,0.6570963553572409,8890,58333,67223,0.8911261099828774,0.15019315112260012,0.7572850714769244
6.5,8.0,3.25,502260,260877,0.5194062835981365,0.9717491384828866,180252,0.35888185401983036,0.6614905798548698,61131,0.12171186238203321,0.6821416302694214,7370,61017,68387,0.8782881376179668,0.1550272142615879,0.7421295743240552
6.5,8.0,3.5,502260,253689,0.50509497073229,0.9740154283394235,182391,0.3631406044678055,0.6558602124008311,66180,0.13176442479990444,0.7004986400725295,6592,62768,69360,0.8682355752000955,0.15905338470005503,0.7301397682475211
6.5,8.0,3.75,502260,248728,0.4952176163739896,0.9753948087871088,183673,0.3656930673356429,0.6524203339630756,69859,0.13908931629036753,0.7125066204783922,6120,63841,69961,0.8609106837096324,0.16179657308840636,0.721618285350217
6.5,8.0,4.0,502260,245424,0.488639350137379,0.975898852597953,184370,0.36708079480747025,0.6504040787546781,72466,0.14427985505515073,0.7211657880937267,5915,64455,70370,0.8557201449448493,0.16372960069242473,0.7156134273085653
6.5,8.0,4.25,502260,243302,0.4844144467009119,0.9762147454603743,184765,0.3678672400748616,0.6492679890671934,74193,0.1477183132242265,0.7265645006941356,5787,64803,70590,0.8522816867757735,0.164904092116421,0.7117369489905626
6.5,8.0,4.5,502260,241968,0.48175845179787363,0.976302651590293,184950,0.3682355752000956,0.6486942416869425,75342,0.1500059730020308,0.7302168777043349,5734,64974,70708,0.8499940269979692,0.16562431192875446,0.7092143511328795
6.5,8.0,4.75,502260,241163,0.48015569625293675,0.9762525760585165,185038,0.3684107832596663,0.6483911412790886,76059,0.15143352048739697,0.7326812080095715,5727,65061,70788,0.848566479512603,0.16609064737060683,0.707627523593358
6.5,8.0,5.0,502260,240584,0.47900290686098834,0.9762203637814652,185070,0.3684744952813284,0.6482790295563841,76606,0.15252259785768327,0.7345116570503616,5721,65093,70814,0.8474774021423167,0.16636516983277497,0.7064866802054713
6.5,8.25,3.0,502260,262970,0.5235734480149723,0.9736129596531924,176728,0.351865567634293,0.6699277986510344,62562,0.12456098435073468,0.6690962565135385,6939,58333,65272,0.8754390156492653,0.14844734340388174,0.7454824194640226
6.5,8.25,3.25,502260,251720,0.5011746903993948,0.9789726680438583,180252,0.35888185401983036,0.6614905798548698,70288,0.1399434555807749,0.6940018210789893,5293,61017,66310,0.8600565444192251,0.1535053197892456,0.7280332895313184
6.5,8.25,3.5,502260,243349,0.48450802373272805,0.9817587086858791,182391,0.3631406044678055,0.6558602124008311,76520,0.15235137179946642,0.7128332462101411,4439,62768,67207,0.8476486282005335,0.15785925682341334,0.7138394457054115
6.5,8.25,3.75,502260,237408,0.47267948871102616,0.9835473109583501,183673,0.3656930673356429,0.6524203339630756,81179,0.16162744395333095,0.7253230515281046,3906,63841,67747,0.838372556046669,0.1608882851517879,0.7034882331859992
6.5,8.25,4.0,502260,233340,0.4645800979572333,0.9842161652524214,184370,0.36708079480747025,0.6504040787546781,84550,0.16833910723529646,0.7346185688941455,3683,64455,68138,0.8316608927647036,0.16312274065739388,0.6959980886393502
6.5,8.25,4.25,502260,230662,0.4592481981443874,0.9847005575257303,184765,0.3678672400748616,0.6492679890671934,86833,0.172884561780751,0.7403636866168393,3529,64803,68332,0.827115438219249,0.16448617928059564,0.6910663799625691
6.5,8.25,4.5,502260,228935,0.4558097399753116,0.9848646995872191,184950,0.3682355752000956,0.6486942416869425,88375,0.17595468482459284,0.7443281471004243,3465,64974,68439,0.8240453151754071,0.16535752684924557,0.6877832198462948
6.5,8.25,4.75,502260,227871,0.4536913152550472,0.984824747335115,185038,0.3684107832596663,0.6483911412790886,89351,0.1778979014852865,0.7470537542948597,3458,65061,68519,0.8221020985147135,0.16594213252799042,0.6856807231314459
6.5,8.25,5.0,502260,227071,0.452098514713495,0.984806514262059,185070,0.3684744952813284,0.6482790295563841,90119,0.1794269900051766,0.7491206071971505,3450,65093,68543,0.8205730099948234,0.1663095882234478,0.6841038505953092
6.5,8.5,3.0,502260,256320,0.5103332935133198,0.9766775905118602,176728,0.351865567634293,0.6699277986510344,69212,0.1378011388523872,0.6870051436167138,5978,58333,64311,0.8621988611476128,0.1485077866656814,0.7341556166129096
6.5,8.5,3.25,502260,243763,0.48533229801298133,0.9825527253931072,180252,0.35888185401983036,0.6614905798548698,78245,0.1557858479671883,0.7118282318359,4253,61017,65270,0.8442141520328117,0.1539332334940981,0.7142615378489229
6.5,8.5,3.5,502260,234034,0.4659618524270298,0.9856559303349086,182391,0.3631406044678055,0.6558602124008311,85835,0.17089754310516467,0.7313916234636221,3357,62768,66125,0.8291024568948353,0.15879209941766223,0.6974475371321626
6.5,8.5,3.75,502260,226971,0.45189941464580097,0.9876680280740712,183673,0.3656930673356429,0.6524203339630756,91616,0.18240751801855612,0.7445315228780999,2799,63841,66640,0.8175924819814439,0.16228168437868323,0.6849121968701469
6.5,8.5,4.0,502260,221967,0.4419364472583921,0.9884757644154312,184370,0.36708079480747025,0.6504040787546781,95923,0.1909827579341377,0.7543550556175266,2558,64455,67013,0.8090172420658623,0.16491975872243975,0.6755943137020667
6.5,8.5,4.25,502260,218693,0.43541791104208977,0.9890531475630221,184765,0.3678672400748616,0.6492679890671934,98802,0.19671484888304863,0.7603287382846501,2394,64803,67197,0.8032851511169514,0.16655265232068767,0.6694958786285987
6.5,8.5,4.5,502260,216498,0.43104766455620597,0.9892793466914244,184950,0.3682355752000956,0.6486942416869425,100812,0.20071676024369847,0.764522080704678,2321,64974,67295,0.7992832397563016,0.167630676949443,0.6652988492016088
6.5,8.5,4.75,502260,215073,0.42821048859156613,0.9892455119889526,185038,0.3684107832596663,0.6483911412790886,102149,0.20337872814876756,0.7675356586946519,2313,65061,67374,0.7966212718512324,0.16838827225444938,0.6624795922430613
6.5,8.5,5.0,502260,213994,0.4260621988611476,0.989233342990925,185070,0.3684744952813284,0.6482790295563841,103196,0.20546330585752398,0.7698069692623745,2304,65093,67397,0.794536694142476,0.16888769721147484,0.6603492215187353
6.5,8.75,3.0,502260,248326,0.4944172341018596,0.9791483775359809,176728,0.351865567634293,0.6699277986510344,77206,0.15371719826384742,0.7090511100173562,5178,58333,63511,0.8462828017361526,0.14941866209940385,0.7198323577430017
6.5,8.75,3.25,502260,234245,0.4663819535698642,0.9854425921577835,180252,0.35888185401983036,0.6614905798548698,87763,0.1747361924103054,0.7334753825644064,3410,61017,64427,0.8252638075896945,0.1554341768456708,0.6969896069764663
6.5,8.75,3.5,502260,222953,0.44389957392585516,0.9888810646190004,182391,0.3631406044678055,0.6558602124008311,96916,0.19295982160633934,0.7530438730446986,2479,62768,65247,0.8070401783936606,0.16096698113207547,0.6771333572253415
6.5,8.75,3.75,502260,214410,0.42689045514275475,0.9911524649036892,183673,0.3656930673356429,0.6524203339630756,104177,0.20741647752160236,0.766675945746182,1897,63841,65738,0.7925835224783977,0.16513641627499792,0.6616991199777008
6.5,8.75,4.0,502260,208192,0.4145104129335404,0.9921082462342453,184370,0.36708079480747025,0.6504040787546781,109698,0.21840879225898938,0.7768601068387756,1643,64455,66098,0.7815912077410107,0.16837595080522313,0.6499900449966153
6.5,8.75,4.25,502260,204070,0.40630350814319277,0.9927965894055961,184765,0.3678672400748616,0.6492679890671934,113425,0.2258292517819456,0.7830813312761736,1470,64803,66273,0.7741707482180544,0.17043990381524296,0.6422211603551945
6.5,8.75,4.5,502260,201231,0.40065105722135946,0.9930676685003802,184950,0.3682355752000956,0.6486942416869425,116079,0.23111336757854498,0.7875153989955117,1395,64974,66369,0.768886632421455,0.17185982738663994,0.6367459084936089
6.5,8.75,4.75,502260,199249,0.3967048938796639,0.9930388609227649,185038,0.3684107832596663,0.6483911412790886,117973,0.23488432286066976,0.7908674018631382,1387,65061,66448,0.7651156771393303,0.17291243263498374,0.6328176641580058
6.5,8.75,5.0,502260,197723,0.3936666268466531,0.9930357115762961,185070,0.3684744952813284,0.6482790295563841,119467,0.23785887787201848,0.7933990139536441,1377,65093,66470,0.7621411221279816,0.17364476361897946,0.6297993071317644
6.5,9.0,3.0,502260,243214,0.48423923864134116,0.9802766288124861,176728,0.351865567634293,0.6699277986510344,82318,0.16389519372436587,0.7224908282514152,4797,58333,63130,0.8361048062756341,0.15033028370584509,0.7104129335403975
6.5,9.0,3.25,502260,228249,0.4544439135109306,0.9868827464742452,180252,0.35888185401983036,0.6614905798548698,93759,0.18667423246923903,0.7460830426945679,2994,61017,64011,0.8133257675307609,0.15669729082670544,0.6858798231991399
6.5,9.0,3.5,502260,216004,0.43006411022179747,0.9905325827299495,182391,0.3631406044678055,0.6558602124008311,103865,0.206795285310397,0.7653877629615367,2045,62768,64813,0.793204714689603,0.16268527466459168,0.6641619878150758
6.5,9.0,3.75,502260,206627,0.41139449687412893,0.9929825240651028,183673,0.3656930673356429,0.6524203339630756,111960,0.22291243579022818,0.7789031797070383,1450,63841,65291,0.7770875642097719,0.16728414040481682,0.6470931390116672
6.5,9.0,4.0,502260,199668,0.39753912316330187,0.9940501232045195,184370,0.36708079480747025,0.6504040787546781,118222,0.2353800820292279,0.7891001674815178,1188,64455,65643,0.7646199179707721,0.17092839771064322,0.6339246605343846
6.5,9.0,4.25,502260,194928,0.3881017799546052,0.9948237297874087,184765,0.3678672400748616,0.6492679890671934,122567,0.2440309799705332,0.7954996042980574,1009,64803,65812,0.7559690200294669,0.17332950567958852,0.6249372834786764
6.5,9.0,4.5,502260,191635,0.381545414725441,0.9951470242909698,184950,0.3682355752000956,0.6486942416869425,125675,0.2502190100744634,0.8000397851601353,930,64974,65904,0.7497809899255365,0.1750043150948657,0.6185660813124677
6.5,9.0,4.75,502260,189304,0.37690439214749333,0.9951348096183916,185038,0.3684107832596663,0.6483911412790886,127918,0.25468482459284036,0.8034834816054035,921,65061,65982,0.7453151754071596,0.17626127979227552,0.6139449687412895
6.5,9.0,5.0,502260,187416,0.37314538286943016,0.9951391556750757,185070,0.3684744952813284,0.6482790295563841,129774,0.2583801218492414,0.8062169617951207,911,65093,66004,0.7416198781507586,0.17719860612210928,0.6102058694699956
6.75,7.0,3.0,502260,305627,0.6085035638912117,0.9341975676232793,187525,0.3733624019432167,0.6529902679642714,9108,0.018134034165571616,0.6186868686868687,20111,65073,85184,0.9818659658344284,0.17273376159885795,0.8122645641699519
6.75,7.0,3.25,502260,300116,0.5975311591605941,0.9366078449666129,192073,0.38241747302194085,0.6425733965731779,10071,0.020051367817465058,0.6435309303942012,19025,68652,87677,0.9799486321825349,0.1781368539321277,0.8053836658304463
6.75,7.0,3.5,502260,296551,0.5904332417473022,0.9375689173194492,194923,0.38809182495122047,0.6354252704914248,10786,0.021474933301477324,0.660393102169479,18514,71064,89578,0.9785250666985227,0.1822639651334557,0.8001752080595708
6.75,7.0,3.75,502260,294302,0.5859554812248636,0.9380772132027645,196692,0.39161390514872774,0.6310068533544831,11266,0.022430613626408632,0.6717557251908397,18224,72578,90802,0.9775693863735914,0.18493505012281208,0.7967825429060645
6.75,7.0,4.0,502260,292985,0.5833333333333334,0.9382323327132789,197691,0.39360291482499105,0.6283644677805261,11584,0.023063751841675625,0.6791263812154696,18097,73469,91566,0.9769362481583244,0.186611939446804,0.7946282801736153
6.75,7.0,4.25,502260,292174,0.5817186317843348,0.9382936195554704,198306,0.39482738024130926,0.6267031758998719,11780,0.02345398797435591,0.6835314091680815,18029,74027,92056,0.9765460120256441,0.18768553253955308,0.7932624537092343
6.75,7.0,4.5,502260,291743,0.5808605104925736,0.9382915785468717,198610,0.39543264444709914,0.6258496551029656,11907,0.02370684506032732,0.6864869404551944,18003,74310,92313,0.9762931549396727,0.18825825476748384,0.7924979094492892
6.75,7.0,4.75,502260,291527,0.5804304543463544,0.9382527175870503,198764,0.3957392585513479,0.6253748163651366,11969,0.023830287102297613,0.6881109532960147,18001,74462,92463,0.9761697128977024,0.1885880018193277,0.7920758173057778
6.75,7.0,5.0,502260,291407,0.5801915342651216,0.9382307219799113,198836,0.3958826106000876,0.625148363475427,12017,0.023925855134790747,0.6892735291670133,18000,74534,92534,0.9760741448652093,0.18875129272626023,0.791838888225222
6.75,7.25,3.0,502260,294700,0.5867478994942859,0.9458534102477095,187525,0.3733624019432167,0.6529902679642714,20035,0.03988969856249751,0.6193161966558522,15957,65073,81030,0.9601103014375025,0.16803359427653067,0.7987795165850357
6.75,7.25,3.25,502260,288126,0.5736590610440807,0.948744646439405,192073,0.38241747302194085,0.6425733965731779,22061,0.04392346593397842,0.6443044286297085,14768,68652,83420,0.9560765340660216,0.17371964539701248,0.7899872575956676
6.75,7.25,3.5,502260,283683,0.5648130450364353,0.9500428294963039,194923,0.38809182495122047,0.6354252704914248,23654,0.0470951300123442,0.6615794368817114,14172,71064,85236,0.9529048699876558,0.17809220945830181,0.7831999362879782
6.75,7.25,3.75,502260,280847,0.5591665671166328,0.9507525449800069,196692,0.39161390514872774,0.6310068533544831,24721,0.04921952773463943,0.6727074147485943,13831,72578,86409,0.9507804722653606,0.18094647766988664,0.7787400947716322
6.75,7.25,4.0,502260,279098,0.5556843069326644,0.9509957076009143,197691,0.39360291482499105,0.6283644677805261,25471,0.0507127782423446,0.6805386518000863,13677,73469,87146,0.9492872217576555,0.18277686775491883,0.775779476765022
6.75,7.25,4.25,502260,278029,0.5535559272090153,0.9511022231493838,198306,0.39482738024130926,0.6267031758998719,25925,0.051616692549675464,0.685168756027001,13595,74027,87622,0.9483833074503245,0.18395037106238257,0.7739278461354677
6.75,7.25,4.5,502260,277413,0.5523294707920201,0.9511198105351948,198610,0.39543264444709914,0.6258496551029656,26237,0.05223788476088082,0.6883790067461981,13560,74310,87870,0.9477621152391191,0.1845919209786082,0.7728128857563812
6.75,7.25,4.75,502260,277080,0.551666467566599,0.9510718925941967,198764,0.3957392585513479,0.6253748163651366,26416,0.05259427388205312,0.6904527559055118,13557,74462,88019,0.9474057261179469,0.18497448743705922,0.7721598375343448
6.75,7.25,5.0,502260,276882,0.5512722494325648,0.9510477387479143,198836,0.3958826106000876,0.625148363475427,26542,0.05284513996734759,0.6918092080476226,13554,74534,88088,0.9471548600326524,0.18516852420972088,0.7717715924023414
6.75,7.5,3.0,502260,286958,0.5713335722534145,0.9541744784951108,187525,0.3733624019432167,0.6529902679642714,27777,0.055304025803368774,0.6243654822335025,13150,65073,78223,0.9446959741966312,0.1648594364813913,0.7889539282443355
6.75,7.5,3.25,502260,279529,0.5565424282244256,0.9575929509997174,192073,0.38241747302194085,0.6425733965731779,30658,0.06104009875363357,0.6489986300476221,11854,68652,80506,0.9389599012463664,0.1707075033608848,0.7786724007486163
6.75,7.5,3.5,502260,274413,0.5463564687611994,0.959174674669203,194923,0.38809182495122047,0.6354252704914248,32924,0.06555170628758014,0.6666869153201312,11203,71064,82267,0.9344482937124199,0.17528380520565223,0.7706546410225779
6.75,7.5,3.75,502260,271089,0.5397383825110501,0.9600647757747456,196692,0.39161390514872774,0.6310068533544831,34479,0.0686477123402222,0.6781809217204675,10826,72578,83404,0.9313522876597778,0.17829710911730062,0.7652948672002549
6.75,7.5,4.0,502260,268964,0.535507506072552,0.9603775970018292,197691,0.39360291482499105,0.6283644677805261,35605,0.0708895791024569,0.6866451341103778,10657,73469,84126,0.9291104208975431,0.18027450686267157,0.7616154979492693
6.75,7.5,4.25,502260,267651,0.5328933221837295,0.9605493721301247,198306,0.39482738024130926,0.6267031758998719,36303,0.07227929757496118,0.6915406440239099,10559,74027,84586,0.9277207024250388,0.1815317722450784,0.7593099191653725
6.75,7.5,4.5,502260,266877,0.5313522876597778,0.96058109166395,198610,0.39543264444709914,0.6258496551029656,36773,0.07321506789312308,0.69499360944171,10520,74310,84830,0.926784932106877,0.18223924620880927,0.7578883446820371
6.75,7.5,4.75,502260,266434,0.5304702743598932,0.9605305629161444,198764,0.3957392585513479,0.6253748163651366,37062,0.0737904670887588,0.6973180076628352,10516,74462,84978,0.9262095329112412,0.1826706047747411,0.7570182773862143
6.75,7.5,5.0,502260,266160,0.5299247401744117,0.9605012022843402,198836,0.3958826106000876,0.625148363475427,37264,0.07419264922550074,0.6988782739373122,10513,74534,85047,0.9258073507744993,0.1828983475126668,0.7564787162027635
6.75,7.75,3.0,502260,279215,0.5559172540118663,0.9609977973962717,187525,0.3733624019432167,0.6529902679642714,35520,0.07072034404491698,0.6426238738738739,10890,65073,75963,0.929279655955083,0.16275228178429105,0.7780372715326722
6.75,7.75,3.25,502260,270658,0.5388802612192888,0.96493730094806,192073,0.38241747302194085,0.6425733965731779,39529,0.07870226575877036,0.6679652913051177,9490,68652,78142,0.9212977342412296,0.16887133129183046,0.7657169593437662
6.75,7.75,3.5,502260,264618,0.5268546171305698,0.9668578857069436,194923,0.38809182495122047,0.6354252704914248,42719,0.08505355791820969,0.6861583838573,8770,71064,79834,0.9149464420817903,0.17372552177063635,0.7559968940389439
6.75,7.75,3.75,502260,260586,0.5188269024011468,0.9679990482988342,196692,0.39161390514872774,0.6310068533544831,44982,0.08955919245012543,0.6980347694633409,8339,72578,80917,0.9104408075498746,0.1769536255844366,0.7493350057739019
6.75,7.75,4.0,502260,257956,0.513590570620794,0.9683938346074524,197691,0.39360291482499105,0.6283644677805261,46613,0.09280651455421494,0.706927252054148,8153,73469,81622,0.907193485445785,0.17913428597137696,0.7446840281925696
6.75,7.75,4.25,502260,256301,0.5102954645004579,0.9686267318504415,198306,0.39482738024130926,0.6267031758998719,47653,0.09487715525823279,0.7121692233437559,8041,74027,82068,0.9051228447417672,0.1805251568937566,0.7417254011866363
6.75,7.75,4.5,502260,255306,0.5083144188269024,0.9686807203904334,198610,0.39543264444709914,0.6258496551029656,48344,0.09625293672599848,0.7157868608307132,7996,74310,82306,0.9037470632740016,0.1813242978877149,0.7398757615577589
6.75,7.75,4.75,502260,254724,0.5071556564329232,0.9686366420125312,198764,0.3957392585513479,0.6253748163651366,48772,0.09710508501572891,0.7181784630525712,7989,74462,82451,0.9028949149842711,0.18181517482270754,0.7387349181698721
6.75,7.75,5.0,502260,254328,0.5063672201648548,0.9685996036614136,198836,0.3958826106000876,0.625148363475427,49096,0.09775016923505754,0.7199771875509207,7986,74534,82520,0.9022498307649425,0.18209743051080846,0.7379524549038347
6.75,8.0,3.0,502260,270849,0.5392605423485844,0.9671772832833054,187525,0.3733624019432167,0.6529902679642714,43886,0.08737705570819894,0.6651779610809826,8890,65073,73963,0.912622944291801,0.16135950119334866,0.7653625612232708
6.75,8.0,3.25,502260,260877,0.5194062835981365,0.9717491384828866,192073,0.38241747302194085,0.6425733965731779,49310,0.09817624337992274,0.6908335023321841,7370,68652,76022,0.9018237566200773,0.16783750965890276,0.7504639031577272
6.75,8.0,3.5,502260,253689,0.50509497073229,0.9740154283394235,194923,0.38809182495122047,0.6354252704914248,53648,0.10681320431648947,0.709495228153892,6592,71064,77656,0.8931867956835106,0.1731028149046392,0.7385736471150399
6.75,8.0,3.75,502260,248728,0.4952176163739896,0.9753948087871088,196692,0.39161390514872774,0.6310068533544831,56840,0.11316847847728269,0.7219915552427868,6120,72578,78698,0.8868315215227173,0.1766826815140766,0.7301437502488751
6.75,8.0,4.0,502260,245424,0.488639350137379,0.975898852597953,197691,0.39360291482499105,0.6283644677805261,59145,0.11775773503762992,0.7311860681376279,5915,73469,79384,0.8822422649623701,0.1791498820847861,0.7241886672241469
6.75,8.0,4.25,502260,243302,0.4844144467009119,0.9762147454603743,198306,0.39482738024130926,0.6267031758998719,60652,0.12075817305777883,0.7366945855041879,5787,74027,79814,0.8792418269422212,0.18073495045379612,0.7203320989129136
6.75,8.0,4.5,502260,241968,0.48175845179787363,0.976302651590293,198610,0.39543264444709914,0.6258496551029656,61682,0.12280890375502727,0.7405726143769658,5734,74310,80044,0.8771910962449727,0.18167952099287754,0.717823438059969
6.75,8.0,4.75,502260,241163,0.48015569625293675,0.9762525760585165,198764,0.3957392585513479,0.6253748163651366,62333,0.12410504519571537,0.7432018353039321,5727,74462,80189,0.8758949548042846,0.18227796884483108,0.7162386015211245
6.75,8.0,5.0,502260,240584,0.47900290686098834,0.9762203637814652,198836,0.3958826106000876,0.625148363475427,62840,0.12511448253892407,0.7451782304264799,5721,74534,80255,0.8748855174610759,0.182638477993719,0.7150977581332378
6.75,8.25,3.0,502260,262970,0.5235734480149723,0.9736129596531924,187525,0.3733624019432167,0.6529902679642714,51765,0.10306415004181102,0.678450690621076,6939,65073,72012,0.896935849958189,0.15985083075283854,0.7535599092103691
6.75,8.25,3.25,502260,251720,0.5011746903993948,0.9789726680438583,192073,0.38241747302194085,0.6425733965731779,58467,0.11640783657866444,0.7037303094053056,5293,68652,73945,0.8835921634213355,0.16662047395970644,0.7363676183649903
6.75,8.25,3.5,502260,243349,0.48450802373272805,0.9817587086858791,194923,0.38809182495122047,0.6354252704914248,63988,0.12740015131605145,0.7227917734575233,4439,71064,75503,0.8725998486839486,0.1722742954147196,0.7222733245729303
6.75,8.25,3.75,502260,237408,0.47267948871102616,0.9835473109583501,196692,0.39161390514872774,0.6310068533544831,68160,0.1357066061402461,0.7356807511737089,3906,72578,76484,0.8642933938597539,0.17618981801428243,0.7120136980846573
6.75,8.25,4.0,502260,233340,0.4645800979572333,0.9842161652524214,197691,0.39360291482499105,0.6283644677805261,71229,0.14181698721777566,0.7454548007131927,3683,73469,77152,0.8581830127822243,0.17899408627221708,0.7045733285549317
6.75,8.25,4.25,502260,230662,0.4592481981443874,0.9847005575257303,198306,0.39482738024130926,0.6267031758998719,73292,0.14592442161430336,0.7512961851225236,3529,74027,77556,0.8540755783856967,0.1807967027843569,0.6996615298849201
6.75,8.25,4.5,502260,228935,0.4558097399753116,0.9848646995872191,198610,0.39543264444709914,0.6258496551029656,74715,0.1487576155775893,0.7554574048049254,3465,74310,77775,0.8512423844224107,0.1819106760691857,0.6963923067733844
6.75,8.25,4.75,502260,227871,0.4536913152550472,0.984824747335115,198764,0.3957392585513479,0.6253748163651366,75625,0.15056942619360492,0.7583338842975207,3458,74462,77920,0.8494305738063951,0.18263855520526914,0.6942918010592124
6.75,8.25,5.0,502260,227071,0.452098514713495,0.984806514262059,198836,0.3958826106000876,0.625148363475427,76353,0.1520188746864174,0.7605333123780336,3450,74534,77984,0.8479811253135826,0.1831010056185975,0.6927149285230757
6.75,8.5,3.0,502260,256320,0.5103332935133198,0.9766775905118602,187525,0.3733624019432167,0.6529902679642714,58415,0.11630430454346355,0.6986048104082856,5978,65073,71051,0.8836956954565365,0.16008065878854105,0.7422331063592562
6.75,8.5,3.25,502260,243763,0.48533229801298133,0.9825527253931072,192073,0.38241747302194085,0.6425733965731779,66424,0.13225022896507785,0.7235637721305552,4253,68652,72905,0.8677497710349221,0.16727622316651217,0.7225958666825947
6.75,8.5,3.5,502260,234034,0.4659618524270298,0.9856559303349086,194923,0.38809182495122047,0.6354252704914248,73303,0.1459463226217497,0.7432574383040258,3357,71064,74421,0.8540536773782503,0.17349291420818402,0.7058814159996813
6.75,8.5,3.75,502260,226971,0.45189941464580097,0.9876680280740712,196692,0.39161390514872774,0.6310068533544831,78597,0.15648668020547127,0.756695548176139,2799,72578,75377,0.8435133197945287,0.17791735412344245,0.693437661768805
6.75,8.5,4.0,502260,221967,0.4419364472583921,0.9884757644154312,197691,0.39360291482499105,0.6283644677805261,82602,0.1644606379166169,0.766882157817002,2558,73469,76027,0.8355393620833831,0.181164186075328,0.6841695536176482
6.75,8.5,4.25,502260,218693,0.43541791104208977,0.9890531475630221,198306,0.39482738024130926,0.6267031758998719,85261,0.16975470871660098,0.7728973387598082,2394,74027,76421,0.8302452912833991,0.18326422845138718,0.6780910285509497
6.75,8.5,4.5,502260,216498,0.43104766455620597,0.9892793466914244,198610,0.39543264444709914,0.6258496551029656,87152,0.17351969099669493,0.7772282908022765,2321,74310,76631,0.826480309003305,0.1846049702727965,0.6739079361286983
6.75,8.5,4.75,502260,215073,0.42821048859156613,0.9892455119889526,198764,0.3957392585513479,0.6253748163651366,88423,0.17605025285708598,0.7803625753480429,2313,74462,76775,0.823949747142914,0.1855199027636485,0.6710906701708279
6.75,8.5,5.0,502260,213994,0.4260621988611476,0.989233342990925,198836,0.3958826106000876,0.625148363475427,89430,0.17805519053876478,0.7827351000782735,2304,74534,76838,0.8219448094612353,0.18612503936244942,0.6689602994465018
6.75,8.75,3.0,502260,248326,0.4944172341018596,0.9791483775359809,187525,0.3733624019432167,0.6529902679642714,66409,0.13222036395492373,0.7228387718532127,5178,65073,70251,0.8677796360450762,0.1611812293650812,0.7279098474893482
6.75,8.75,3.25,502260,234245,0.4663819535698642,0.9854425921577835,192073,0.38241747302194085,0.6425733965731779,75942,0.15120057340819495,0.7471096363013879,3410,68652,72062,0.8487994265918051,0.169033444517942,0.7053239358101382
6.75,8.75,3.5,502260,222953,0.44389957392585516,0.9888810646190004,194923,0.38809182495122047,0.6354252704914248,84384,0.16800860112292437,0.7665671217292378,2479,71064,73543,0.8319913988770756,0.17599239965922905,0.6855672360928603
6.75,8.75,3.75,502260,214410,0.42689045514275475,0.9911524649036892,196692,0.39161390514872774,0.6310068533544831,91158,0.1814956397085175,0.7803264661357204,1897,72578,74475,0.8185043602914825,0.18115942028985507,0.6702245848763588
6.75,8.75,4.0,502260,208192,0.4145104129335404,0.9921082462342453,197691,0.39360291482499105,0.6283644677805261,96377,0.19188667224146858,0.7907073264368054,1643,73469,75112,0.8081133277585314,0.18505825570423004,0.6585652849121968
6.75,8.75,4.25,502260,204070,0.40630350814319277,0.9927965894055961,198306,0.39482738024130926,0.6267031758998719,99884,0.19886911161549795,0.7968943975011012,1470,74027,75497,0.8011308883845021,0.18762798974093883,0.6508163102775455
6.75,8.75,4.5,502260,201231,0.40065105722135946,0.9930676685003802,198610,0.39543264444709914,0.6258496551029656,102419,0.20391629833154143,0.801394272547086,1395,74310,75705,0.7960837016684585,0.1893377617602997,0.6453549954206985
6.75,8.75,4.75,502260,199249,0.3967048938796639,0.9930388609227649,198764,0.3957392585513479,0.6253748163651366,104247,0.20755584756898818,0.8048193233378419,1387,74462,75849,0.7924441524310119,0.19056915226387078,0.6414287420857723
6.75,8.75,5.0,502260,197723,0.3936666268466531,0.9930357115762961,198836,0.3958826106000876,0.625148363475427,105701,0.21045076255325926,0.8074095798526031,1377,74534,75911,0.7895492374467408,0.19142422691201058,0.6384103850595308
6.75,9.0,3.0,502260,243214,0.48423923864134116,0.9802766288124861,187525,0.3733624019432167,0.6529902679642714,71521,0.1423983594154422,0.7373219054543421,4797,65073,69870,0.8576016405845578,0.16220959792356857,0.718490423286744
6.75,9.0,3.25,502260,228249,0.4544439135109306,0.9868827464742452,192073,0.38241747302194085,0.6425733965731779,81938,0.16313861346712857,0.7605384559056848,2994,68652,71646,0.8368613865328715,0.17045503209444188,0.6942141520328117
6.75,9.0,3.5,502260,216004,0.43006411022179747,0.9905325827299495,194923,0.38809182495122047,0.6354252704914248,91333,0.18184406482698204,0.7795758378680214,2045,71064,73109,0.818155935173018,0.17791237859765846,0.6725958666825946
6.75,9.0,3.75,502260,206627,0.41139449687412893,0.9929825240651028,196692,0.39161390514872774,0.6310068533544831,98941,0.1969915979771433,0.7930888105032292,1450,72578,74028,0.8030084020228567,0.18354701861305814,0.6556186039103253
6.75,9.0,4.0,502260,199668,0.39753912316330187,0.9940501232045195,197691,0.39360291482499105,0.6283644677805261,104901,0.2088579620117071,0.8033765169064165,1188,73469,74657,0.791142037988293,0.1878829974909339,0.6424999004499661
6.75,9.0,4.25,502260,194928,0.3881017799546052,0.9948237297874087,198306,0.39482738024130926,0.6267031758998719,109026,0.21707083980408554,0.8096967695778988,1009,74027,75036,0.7829291601959145,0.19081768107539024,0.6335324334010274
6.75,9.0,4.5,502260,191635,0.381545414725441,0.9951470242909698,198610,0.39543264444709914,0.6258496551029656,112015,0.22302194082745988,0.8142570191492211,930,74310,75240,0.7769780591725401,0.19280195774449385,0.6271751682395572
6.75,9.0,4.75,502260,189304,0.37690439214749333,0.9951348096183916,198764,0.3957392585513479,0.6253748163651366,114192,0.22735634930115875,0.8177367941712204,921,74462,75383,0.7726436506988412,0.19425203830256552,0.622556046669056
6.75,9.0,5.0,502260,187416,0.37314538286943016,0.9951391556750757,198836,0.3958826106000876,0.625148363475427,116008,0.23097200653048222,0.8205037583614924,911,74534,75445,0.7690279934695178,0.19532584944543976,0.618816947397762
7.0,7.25,3.0,502260,294700,0.5867478994942859,0.9458534102477095,196633,0.39149643610878826,0.6404062390341397,10927,0.021755664396925896,0.6198407614166743,15957,70708,86665,0.9782443356030741,0.17638750094131678,0.8056942619360491
7.0,7.25,3.25,502260,288126,0.5736590610440807,0.948744646439405,202144,0.4024688408394059,0.6283194158619598,11990,0.02387209811651336,0.6449541284403669,14768,75133,89901,0.9761279018834866,0.18337038774552797,0.797134950025883
7.0,7.25,3.5,502260,283683,0.5648130450364353,0.9500428294963039,205709,0.4095667582526978,0.6199145394708059,12868,0.02562019671086688,0.6625738265464719,14172,78187,92359,0.9743798032891331,0.1887219243469448,0.7904929717676104
7.0,7.25,3.75,502260,280847,0.5591665671166328,0.9507525449800069,207958,0.41404451877513637,0.6146048721376431,13455,0.026788914108230796,0.6735042735042736,13831,80146,93977,0.9732110858917692,0.1922586716584323,0.7861028152749572
7.0,7.25,4.0,502260,279098,0.5556843069326644,0.9509957076009143,209275,0.4166666666666667,0.6113439254569346,13887,0.027649026400668977,0.6817167134730323,13677,81336,95013,0.972350973599331,0.1945500672641608,0.7831800262812089
7.0,7.25,4.25,502260,278029,0.5535559272090153,0.9511022231493838,210086,0.4182813682156652,0.609307616880706,14145,0.028162704575319556,0.6865323435843054,13595,82079,95674,0.9718372954246804,0.19600708849349027,0.7813502966591008
7.0,7.25,4.5,502260,277413,0.5523294707920201,0.9511198105351948,210517,0.4191394895074264,0.6081836621270491,14330,0.028531039700553498,0.6899511514305653,13560,82484,96044,0.9714689602994465,0.19683971061422745,0.780245291283399
7.0,7.25,4.75,502260,277080,0.551666467566599,0.9510718925941967,210733,0.4195695456536455,0.6075697683798931,14447,0.028763986779755505,0.6923928843358482,13557,82698,96255,0.9712360132202444,0.1973194646309139,0.7795922430613627
7.0,7.25,5.0,502260,276882,0.5512722494325648,0.9510477387479143,210853,0.41980846573487834,0.6072287328138561,14525,0.028919284832556843,0.6939070567986231,13554,82817,96371,0.9710807151674432,0.19758885460342193,0.7792059889300362
7.0,7.5,3.0,502260,286958,0.5713335722534145,0.9541744784951108,196633,0.39149643610878826,0.6404062390341397,18669,0.037169991637797155,0.6271358937275697,13150,70708,83858,0.9628300083622029,0.17340686654631704,0.795868673595349
7.0,7.5,3.25,502260,279529,0.5565424282244256,0.9575929509997174,202144,0.4024688408394059,0.6283194158619598,20587,0.04098873093616852,0.6516733861174527,11854,75133,86987,0.9590112690638315,0.18059347316540475,0.7858200931788317
7.0,7.5,3.5,502260,274413,0.5463564687611994,0.959174674669203,205709,0.4095667582526978,0.6199145394708059,22138,0.04407677298610282,0.6697533652543138,11203,78187,89390,0.9559232270138972,0.1861818454476154,0.77794767650221
7.0,7.5,3.75,502260,271089,0.5397383825110501,0.9600647757747456,207958,0.41404451877513637,0.6146048721376431,23213,0.04621709871381356,0.6812992719596778,10826,80146,90972,0.9537829012861865,0.18990203466465713,0.7726575877035798
7.0,7.5,4.0,502260,268964,0.535507506072552,0.9603775970018292,209275,0.4166666666666667,0.6113439254569346,24021,0.047825827260781266,0.6902710128637443,10657,81336,91993,0.9521741727392188,0.1923577959973988,0.7690160474654562
7.0,7.5,4.25,502260,267651,0.5328933221837295,0.9605493721301247,210086,0.4182813682156652,0.609307616880706,24523,0.048825309600605264,0.6953880030991314,10559,82079,92638,0.9511746903993947,0.19391003836839096,0.7667323696890056
7.0,7.5,4.5,502260,266877,0.5313522876597778,0.96058109166395,210517,0.4191394895074264,0.6081836621270491,24866,0.04950822283279576,0.6990669991152578,10520,82484,93004,0.9504917771672042,0.1948160219860325,0.765320750209055
7.0,7.5,4.75,502260,266434,0.5304702743598932,0.9605305629161444,210733,0.4195695456536455,0.6075697683798931,25093,0.0499601799864612,0.7017096401386841,10516,82698,93214,0.9500398200135388,0.19534879821949128,0.7644506829132323
7.0,7.5,5.0,502260,266160,0.5299247401744117,0.9605012022843402,210853,0.41980846573487834,0.6072287328138561,25247,0.05026679409070999,0.7034499148413673,10513,82817,93330,0.94973320590929,0.1956550450407012,0.7639131127304584
7.0,7.75,3.0,502260,279215,0.5559172540118663,0.9609977973962717,196633,0.39149643610878826,0.6404062390341397,26412,0.05258630987934536,0.6508783886112374,10890,70708,81598,0.9474136901206547,0.17147912778870564,0.7849520168836857
7.0,7.75,3.25,502260,270658,0.5388802612192888,0.96493730094806,202144,0.4024688408394059,0.6283194158619598,29458,0.0586508979413053,0.6763188268042637,9490,75133,84623,0.9413491020586947,0.17898189939974873,0.7728646517739816
7.0,7.75,3.5,502260,264618,0.5268546171305698,0.9668578857069436,205709,0.4095667582526978,0.6199145394708059,31933,0.06357862461673237,0.6948611154604954,8770,78187,86957,0.9364213753832676,0.18488625998507421,0.763289929518576
7.0,7.75,3.75,502260,260586,0.5188269024011468,0.9679990482988342,207958,0.41404451877513637,0.6146048721376431,33716,0.0671285788237168,0.7068157551310951,8339,80146,88485,0.9328714211762832,0.18885099371670536,0.7566977262772269
7.0,7.75,4.0,502260,257956,0.513590570620794,0.9683938346074524,209275,0.4166666666666667,0.6113439254569346,35029,0.06974276271253932,0.7161209283736333,8153,81336,89489,0.9302572372874607,0.19153052772611406,0.7520845777087565
7.0,7.75,4.25,502260,256301,0.5102954645004579,0.9686267318504415,210086,0.4182813682156652,0.609307616880706,35873,0.07142316728387688,0.7215733281297912,8041,82079,90120,0.9285768327161231,0.19323008574424244,0.7491478517102695
7.0,7.75,4.5,502260,255306,0.5083144188269024,0.9686807203904334,210517,0.4191394895074264,0.6081836621270491,36437,0.07254609166567116,0.7253615830062848,7996,82484,90480,0.9274539083343288,0.19423686679275176,0.7473081670847768
7.0,7.75,4.75,502260,254724,0.5071556564329232,0.9686366420125312,210733,0.4195695456536455,0.6075697683798931,36803,0.07327479791343129,0.7279569600304323,7989,82698,90687,0.9267252020865687,0.19483432411586893,0.74616732369689
7.0,7.75,5.0,502260,254328,0.5063672201648548,0.9685996036614136,210853,0.41980846573487834,0.6072287328138561,37079,0.0738243141002668,0.7299279915855336,7986,82817,90803,0.9261756858997332,0.19519928801907216,0.7453868514315294
7.0,8.0,3.0,502260,270849,0.5392605423485844,0.9671772832833054,196633,0.39149643610878826,0.6404062390341397,34778,0.06924302154262732,0.6773534993386624,8890,70708,79598,0.9307569784573727,0.17026965744135603,0.7722773065742843
7.0,8.0,3.25,502260,260877,0.5194062835981365,0.9717491384828866,202144,0.4024688408394059,0.6283194158619598,39239,0.07812487556245769,0.7029740819083055,7370,75133,82503,0.9218751244375423,0.1781841428358541,0.7576115955879426
7.0,8.0,3.5,502260,253689,0.50509497073229,0.9740154283394235,205709,0.4095667582526978,0.6199145394708059,42862,0.08533827101501215,0.721851523494004,6592,78187,84779,0.9146617289849879,0.18454368543180424,0.745866682594672
7.0,8.0,3.75,502260,248728,0.4952176163739896,0.9753948087871088,207958,0.41404451877513637,0.6146048721376431,45574,0.09073786485087405,0.7344099705972704,6120,80146,86266,0.9092621351491259,0.18889565259280994,0.7375064707522001
7.0,8.0,4.0,502260,245424,0.488639350137379,0.975898852597953,209275,0.4166666666666667,0.6113439254569346,47561,0.09469398319595429,0.743865772376527,5915,81336,87251,0.9053060168040458,0.1918873804428864,0.7315892167403337
7.0,8.0,4.25,502260,243302,0.4844144467009119,0.9762147454603743,210086,0.4182813682156652,0.609307616880706,48872,0.09730418508342292,0.7495089212637093,5787,82079,87866,0.902695814916577,0.1937986889816228,0.7277545494365467
7.0,8.0,4.5,502260,241968,0.48175845179787363,0.976302651590293,210517,0.4191394895074264,0.6081836621270491,49775,0.09910205869469996,0.7535107985936715,5734,82484,88218,0.9008979413053001,0.19496336895145697,0.7252558435869868
7.0,8.0,4.75,502260,241163,0.48015569625293675,0.9762525760585165,210733,0.4195695456536455,0.6075697683798931,50364,0.10027475809341775,0.7562941783813836,5727,82698,88425,0.8997252419065822,0.19567555366721548,0.7236710070481425
7.0,8.0,5.0,502260,240584,0.47900290686098834,0.9762203637814652,210853,0.41980846573487834,0.6072287328138561,50823,0.10118862740413331,0.7583967888554395,5721,82817,88538,0.8988113725958666,0.1961248191885025,0.7225321546609327
7.0,8.25,3.0,502260,262970,0.5235734480149723,0.9736129596531924,196633,0.39149643610878826,0.6404062390341397,42657,0.0849301158762394,0.6912112900579037,6939,70708,77647,0.9150698841237606,0.16894363178656363,0.7604746545613825
7.0,8.25,3.25,502260,251720,0.5011746903993948,0.9789726680438583,202144,0.4024688408394059,0.6283194158619598,48396,0.09635646876119938,0.7162575419456153,5293,75133,80426,0.9036435312388006,0.17720286253150724,0.7435153107952057
7.0,8.25,3.5,502260,243349,0.48450802373272805,0.9817587086858791,205709,0.4095667582526978,0.6199145394708059,53202,0.10592521801457412,0.7354422766061426,4439,78187,82626,0.8940747819854259,0.18399850353406463,0.7295663600525624
7.0,8.25,3.75,502260,237408,0.47267948871102616,0.9835473109583501,207958,0.41404451877513637,0.6146048721376431,56894,0.11327599251383745,0.7483390164164938,3906,80146,84052,0.8867240074861625,0.18872567730810166,0.7193764185879823
7.0,8.25,4.0,502260,233340,0.4645800979572333,0.9842161652524214,209275,0.4166666666666667,0.6113439254569346,59645,0.11875323537610002,0.7583368262218124,3683,81336,85019,0.8812467646239,0.19208341335020276,0.7119738780711186
7.0,8.25,4.25,502260,230662,0.4592481981443874,0.9847005575257303,210086,0.4182813682156652,0.609307616880706,61512,0.12247043363994743,0.7642736376641956,3529,82079,85608,0.8775295663600525,0.19423343951645838,0.7070839804085534
7.0,8.25,4.5,502260,228935,0.4558097399753116,0.9848646995872191,210517,0.4191394895074264,0.6081836621270491,62808,0.125050770517262,0.7685326709973251,3465,82484,85949,0.874949229482738,0.19558222513494078,0.7038247123004022
7.0,8.25,4.75,502260,227871,0.4536913152550472,0.984824747335115,210733,0.4195695456536455,0.6075697683798931,63656,0.1267391390913073,0.7715376398140003,3458,82698,86156,0.8732608609086927,0.1964323170787316,0.7017242065862302
7.0,8.25,5.0,502260,227071,0.452098514713495,0.984806514262059,210853,0.41980846573487834,0.6072287328138561,64336,0.12809301955162664,0.7738435712509326,3450,82817,86267,0.8719069804483733,0.19699080205697792,0.7001493250507705
7.0,8.5,3.0,502260,256320,0.5103332935133198,0.9766775905118602,196633,0.39149643610878826,0.6404062390341397,49307,0.09817027037789193,0.7133672703672906,5978,70708,76686,0.9018297296221081,0.16930233379622167,0.7491478517102697
7.0,8.5,3.25,502260,243763,0.48533229801298133,0.9825527253931072,202144,0.4024688408394059,0.6283194158619598,56353,0.1121988611476128,0.7378666619345908,4253,75133,79386,0.8878011388523872,0.178032639092905,0.7297435591128101
7.0,8.5,3.5,502260,234034,0.4659618524270298,0.9856559303349086,205709,0.4095667582526978,0.6199145394708059,62517,0.12447138932027237,0.757553945326871,3357,78187,81544,0.8755286106797276,0.18543558396608928,0.7131744514793135
7.0,8.5,3.75,502260,226971,0.45189941464580097,0.9876680280740712,207958,0.41404451877513637,0.6146048721376431,67331,0.13405606657906263,0.7709079027491051,2799,80146,82945,0.8659439334209373,0.19070928818266888,0.7008003822721299
7.0,8.5,4.0,502260,221967,0.4419364472583921,0.9884757644154312,209275,0.4166666666666667,0.6113439254569346,71018,0.14139688607494127,0.7811963164268214,2558,81336,83894,0.8586031139250587,0.19454042045997375,0.691570103133835
7.0,8.5,4.25,502260,218693,0.43541791104208977,0.9890531475630221,210086,0.4182813682156652,0.609307616880706,73481,0.14630072074224507,0.7872239082211728,2394,82079,84473,0.8536992792577549,0.19700824900473204,0.6855134790745829
7.0,8.5,4.5,502260,216498,0.43104766455620597,0.9892793466914244,210517,0.4191394895074264,0.6081836621270491,75245,0.14981284593636762,0.7915874808957406,2321,82484,84805,0.8501871540636324,0.19859958081097853,0.6813403416557161
7.0,8.5,4.75,502260,215073,0.42821048859156613,0.9892455119889526,210733,0.4195695456536455,0.6075697683798931,76454,0.15221996575478836,0.7948047191775447,2313,82698,85011,0.8477800342452116,0.19964725720163642,0.6785230756978458
7.0,8.5,5.0,502260,213994,0.4260621988611476,0.989233342990925,210853,0.41980846573487834,0.6072287328138561,77413,0.15412933540397403,0.7972433570588919,2304,82817,85121,0.845870664596026,0.2003568343427163,0.6763946959741967
7.0,8.75,3.0,502260,248326,0.4944172341018596,0.9791483775359809,196633,0.39149643610878826,0.6404062390341397,57301,0.11408632978935213,0.7393937278581526,5178,70708,75886,0.8859136702106478,0.1705460503102533,0.7348245928403616
7.0,8.75,3.25,502260,234245,0.4663819535698642,0.9854425921577835,202144,0.4024688408394059,0.6283194158619598,65871,0.1311492055907299,0.7629457576171608,3410,75133,78543,0.86885079440927,0.1799839134350316,0.7124716282403536
7.0,8.75,3.5,502260,222953,0.44389957392585516,0.9888810646190004,205709,0.4095667582526978,0.6199145394708059,73598,0.14653366782144706,0.7821272317182533,2479,78187,80666,0.8534663321785529,0.18818089777027122,0.6928602715724923
7.0,8.75,3.75,502260,214410,0.42689045514275475,0.9911524649036892,207958,0.41404451877513637,0.6146048721376431,79892,0.15906502608210887,0.7956366094227206,1897,80146,82043,0.8409349739178912,0.19424530267444504,0.6775873053796838
7.0,8.75,4.0,502260,208192,0.4145104129335404,0.9921082462342453,209275,0.4166666666666667,0.6113439254569346,84793,0.16882292039979294,0.805950962933261,1643,81336,82979,0.831177079600207,0.1987678067967049,0.6659658344283836
7.0,8.75,4.25,502260,204070,0.40630350814319277,0.9927965894055961,210086,0.4182813682156652,0.609307616880706,88104,0.17541512364114203,0.8120516662126578,1470,82079,83549,0.8245848763588579,0.2017331633490762,0.6582387608011786
7.0,8.75,4.5,502260,201231,0.40065105722135946,0.9930676685003802,210517,0.4191394895074264,0.6081836621270491,90512,0.1802094532712141,0.8165105179423723,1395,82484,83879,0.8197905467287859,0.20371440784168957,0.6527874009477164
7.0,8.75,4.75,502260,199249,0.3967048938796639,0.9930388609227649,210733,0.4195695456536455,0.6075697683798931,92278,0.18372556046669056,0.8199570861960598,1387,82698,84085,0.8162744395333095,0.20509436999673156,0.6488611476127901
7.0,8.75,5.0,502260,197723,0.3936666268466531,0.9930357115762961,210853,0.41980846573487834,0.6072287328138561,93684,0.18652490741846853,0.8225630844114257,1377,82817,84194,0.8134750925815315,0.20606692512531327,0.6458447815872257
7.0,9.0,3.0,502260,243214,0.48423923864134116,0.9802766288124861,196633,0.39149643610878826,0.6404062390341397,62413,0.12426432524987059,0.7546344511560091,4797,70708,75505,0.8757356747501294,0.1716619642739407,0.7254051686377574
7.0,9.0,3.25,502260,228249,0.4544439135109306,0.9868827464742452,202144,0.4024688408394059,0.6283194158619598,71867,0.14308724564966352,0.776935171914787,2994,75133,78127,0.8569127543503364,0.18152479245712638,0.7013618444630272
7.0,9.0,3.5,502260,216004,0.43006411022179747,0.9905325827299495,205709,0.4095667582526978,0.6199145394708059,80547,0.16036913152550472,0.795535525842055,2045,78187,80232,0.8396308684744953,0.19025261255877812,0.6798889021622267
7.0,9.0,3.75,502260,206627,0.41139449687412893,0.9929825240651028,207958,0.41404451877513637,0.6146048721376431,87675,0.17456098435073467,0.8086797832905618,1450,80146,81596,0.8254390156492654,0.19681368115103054,0.6629813244136502
7.0,9.0,4.0,502260,199668,0.39753912316330187,0.9940501232045195,209275,0.4166666666666667,0.6113439254569346,93317,0.18579421017003145,0.8188004329329062,1188,81336,82524,0.8142057898299685,0.20179829462785767,0.6499004499661529
7.0,9.0,4.25,502260,194928,0.3881017799546052,0.9948237297874087,210086,0.4182813682156652,0.609307616880706,97246,0.19361685182972962,0.8249799477613475,1009,82079,83088,0.8063831481702703,0.20514846400371345,0.6409548839246606
7.0,9.0,4.5,502260,191635,0.381545414725441,0.9951470242909698,210517,0.4191394895074264,0.6081836621270491,100108,0.19931509576713255,0.8294541894753666,930,82484,83414,0.8006849042328674,0.20741908532097317,0.6346075737665751
7.0,9.0,4.75,502260,189304,0.37690439214749333,0.9951348096183916,210733,0.4195695456536455,0.6075697683798931,102223,0.20352606219886116,0.8329143147823875,921,82698,83619,0.7964739378011388,0.20902816489474724,0.6299884521960738
7.0,9.0,5.0,502260,187416,0.37314538286943016,0.9951391556750757,210853,0.41980846573487834,0.6072287328138561,103991,0.20704615139569146,0.8356684713100172,911,82817,83728,0.7929538486043085,0.21022976932676157,0.6262513439254569
